,week,State,5g network,5g coronavirus,5g is coronavirus,5g coronavirus conspiracy,5g network radiation,5g towers near me,side effects of 5g network,5g network dangerous
0,2020-01-01 2020-01-08,Alabama,0,0,0,0,0,0,0,0
1,2020-01-01 2020-01-08,Alaska,0,0,0,0,0,0,0,0
2,2020-01-01 2020-01-08,Arizona,20,0,0,0,0,0,0,0
3,2020-01-01 2020-01-08,Arkansas,30,0,0,0,0,0,0,0
4,2020-01-01 2020-01-08,California,9,0,0,0,0,0,0,0
5,2020-01-01 2020-01-08,Colorado,22,0,0,0,0,0,0,0
6,2020-01-01 2020-01-08,Connecticut,17,0,0,0,0,0,0,0
7,2020-01-01 2020-01-08,Delaware,74,0,0,0,0,0,0,0
8,2020-01-01 2020-01-08,District of Columbia,0,0,0,0,0,0,0,0
9,2020-01-01 2020-01-08,Florida,6,0,0,0,0,29,0,0
10,2020-01-01 2020-01-08,Georgia,12,0,0,0,0,0,0,0
11,2020-01-01 2020-01-08,Hawaii,53,0,0,0,0,0,0,0
12,2020-01-01 2020-01-08,Idaho,0,0,0,0,0,0,0,0
13,2020-01-01 2020-01-08,Illinois,19,0,0,0,0,0,0,0
14,2020-01-01 2020-01-08,Indiana,24,0,0,0,0,0,0,0
15,2020-01-01 2020-01-08,Iowa,25,0,0,0,0,0,0,0
16,2020-01-01 2020-01-08,Kansas,56,0,0,0,0,0,0,0
17,2020-01-01 2020-01-08,Kentucky,35,0,0,0,0,0,0,0
18,2020-01-01 2020-01-08,Louisiana,36,0,0,0,0,0,0,0
19,2020-01-01 2020-01-08,Maine,57,0,0,0,0,0,0,0
20,2020-01-01 2020-01-08,Maryland,20,0,0,0,0,0,0,0
21,2020-01-01 2020-01-08,Massachusetts,17,0,0,0,0,0,0,0
22,2020-01-01 2020-01-08,Michigan,17,0,0,0,0,0,0,0
23,2020-01-01 2020-01-08,Minnesota,23,0,0,0,0,0,0,0
24,2020-01-01 2020-01-08,Mississippi,0,0,0,0,0,0,0,0
25,2020-01-01 2020-01-08,Missouri,0,0,0,0,0,0,0,0
26,2020-01-01 2020-01-08,Montana,0,0,0,0,0,0,0,0
27,2020-01-01 2020-01-08,Nebraska,0,0,0,0,0,0,0,0
28,2020-01-01 2020-01-08,Nevada,65,0,0,0,0,0,0,0
29,2020-01-01 2020-01-08,New Hampshire,0,0,0,0,0,0,0,0
30,2020-01-01 2020-01-08,New Jersey,13,0,0,0,0,0,0,0
31,2020-01-01 2020-01-08,New Mexico,38,0,0,0,0,0,0,0
32,2020-01-01 2020-01-08,New York,10,0,0,0,0,0,0,0
33,2020-01-01 2020-01-08,North Carolina,0,0,0,0,0,0,0,0
34,2020-01-01 2020-01-08,North Dakota,0,0,0,0,0,0,0,0
35,2020-01-01 2020-01-08,Ohio,12,0,0,0,0,0,0,0
36,2020-01-01 2020-01-08,Oklahoma,32,0,0,0,0,0,0,0
37,2020-01-01 2020-01-08,Oregon,16,0,0,0,0,0,0,0
38,2020-01-01 2020-01-08,Pennsylvania,13,0,0,0,0,0,0,0
39,2020-01-01 2020-01-08,Rhode Island,0,0,0,0,0,0,0,0
40,2020-01-01 2020-01-08,South Carolina,0,0,0,0,0,0,0,0
41,2020-01-01 2020-01-08,South Dakota,100,0,0,0,0,0,0,0
42,2020-01-01 2020-01-08,Tennessee,10,0,0,0,0,100,0,0
43,2020-01-01 2020-01-08,Texas,13,0,0,0,0,22,0,0
44,2020-01-01 2020-01-08,Utah,0,0,0,0,0,0,0,0
45,2020-01-01 2020-01-08,Vermont,0,0,0,0,0,0,0,0
46,2020-01-01 2020-01-08,Virginia,18,0,0,0,0,0,0,0
47,2020-01-01 2020-01-08,Washington,26,0,0,0,0,0,0,0
48,2020-01-01 2020-01-08,West Virginia,0,0,0,0,0,0,0,0
49,2020-01-01 2020-01-08,Wisconsin,12,0,0,0,0,0,0,0
50,2020-01-01 2020-01-08,Wyoming,0,0,0,0,0,0,0,0
51,2020-01-08 2020-01-15,Alabama,0,0,0,0,0,0,0,0
52,2020-01-08 2020-01-15,Alaska,0,0,0,0,0,0,0,0
53,2020-01-08 2020-01-15,Arizona,19,0,0,0,0,0,0,0
54,2020-01-08 2020-01-15,Arkansas,27,0,0,0,0,0,0,0
55,2020-01-08 2020-01-15,California,9,0,0,0,0,0,0,0
56,2020-01-08 2020-01-15,Colorado,26,0,0,0,0,0,0,0
57,2020-01-08 2020-01-15,Connecticut,17,0,0,0,0,0,0,0
58,2020-01-08 2020-01-15,Delaware,0,0,0,0,0,0,0,0
59,2020-01-08 2020-01-15,District of Columbia,51,0,0,0,0,0,0,0
60,2020-01-08 2020-01-15,Florida,6,0,0,0,0,0,0,0
61,2020-01-08 2020-01-15,Georgia,11,0,0,0,0,0,0,0
62,2020-01-08 2020-01-15,Hawaii,0,0,0,0,0,0,0,0
63,2020-01-08 2020-01-15,Idaho,45,0,0,0,0,0,0,0
64,2020-01-08 2020-01-15,Illinois,7,0,0,0,0,0,0,0
65,2020-01-08 2020-01-15,Indiana,22,0,0,0,0,0,0,0
66,2020-01-08 2020-01-15,Iowa,23,0,0,0,0,0,0,0
67,2020-01-08 2020-01-15,Kansas,0,0,0,0,0,0,0,0
68,2020-01-08 2020-01-15,Kentucky,25,0,0,0,0,0,0,0
69,2020-01-08 2020-01-15,Louisiana,0,0,0,0,0,0,0,0
70,2020-01-08 2020-01-15,Maine,0,0,0,0,0,0,0,0
71,2020-01-08 2020-01-15,Maryland,20,0,0,0,0,0,0,0
72,2020-01-08 2020-01-15,Massachusetts,8,0,0,0,0,0,0,0
73,2020-01-08 2020-01-15,Michigan,7,0,0,0,0,0,0,0
74,2020-01-08 2020-01-15,Minnesota,11,0,0,0,0,0,0,0
75,2020-01-08 2020-01-15,Mississippi,0,0,0,0,0,0,0,0
76,2020-01-08 2020-01-15,Missouri,17,0,0,0,0,0,0,0
77,2020-01-08 2020-01-15,Montana,0,0,0,0,0,0,0,0
78,2020-01-08 2020-01-15,Nebraska,0,0,0,0,0,0,0,0
79,2020-01-08 2020-01-15,Nevada,0,0,0,0,0,0,0,0
80,2020-01-08 2020-01-15,New Hampshire,0,0,0,0,0,0,0,0
81,2020-01-08 2020-01-15,New Jersey,13,0,0,0,0,0,0,0
82,2020-01-08 2020-01-15,New Mexico,0,0,0,0,0,0,0,0
83,2020-01-08 2020-01-15,New York,10,0,0,0,100,100,0,0
84,2020-01-08 2020-01-15,North Carolina,16,0,0,0,0,0,0,0
85,2020-01-08 2020-01-15,North Dakota,0,0,0,0,0,0,0,0
86,2020-01-08 2020-01-15,Ohio,8,0,0,0,0,0,0,0
87,2020-01-08 2020-01-15,Oklahoma,20,0,0,0,0,0,0,0
88,2020-01-08 2020-01-15,Oregon,0,0,0,0,0,0,0,0
89,2020-01-08 2020-01-15,Pennsylvania,5,0,0,0,0,0,0,0
90,2020-01-08 2020-01-15,Rhode Island,58,0,0,0,0,0,0,0
91,2020-01-08 2020-01-15,South Carolina,14,0,0,0,0,0,0,0
92,2020-01-08 2020-01-15,South Dakota,0,0,0,0,0,0,0,0
93,2020-01-08 2020-01-15,Tennessee,10,0,0,0,0,0,0,0
94,2020-01-08 2020-01-15,Texas,9,0,0,0,0,0,0,0
95,2020-01-08 2020-01-15,Utah,0,0,0,0,0,0,0,0
96,2020-01-08 2020-01-15,Vermont,0,0,0,0,0,0,0,0
97,2020-01-08 2020-01-15,Virginia,10,0,0,0,0,0,0,0
98,2020-01-08 2020-01-15,Washington,24,0,0,0,0,0,0,0
99,2020-01-08 2020-01-15,West Virginia,100,0,0,0,0,0,0,0
100,2020-01-08 2020-01-15,Wisconsin,23,0,0,0,0,0,0,0
101,2020-01-08 2020-01-15,Wyoming,0,0,0,0,0,0,0,0
102,2020-01-15 2020-01-22,Alabama,0,0,0,0,0,0,0,0
103,2020-01-15 2020-01-22,Alaska,0,0,0,0,0,0,0,0
104,2020-01-15 2020-01-22,Arizona,29,0,0,0,0,0,0,0
105,2020-01-15 2020-01-22,Arkansas,0,0,0,0,0,0,0,0
106,2020-01-15 2020-01-22,California,19,0,0,0,0,9,0,0
107,2020-01-15 2020-01-22,Colorado,41,0,0,0,0,0,0,0
108,2020-01-15 2020-01-22,Connecticut,52,0,0,0,0,0,0,0
109,2020-01-15 2020-01-22,Delaware,0,0,0,0,0,0,0,0
110,2020-01-15 2020-01-22,District of Columbia,0,0,0,0,0,0,0,0
111,2020-01-15 2020-01-22,Florida,18,0,0,0,0,0,0,0
112,2020-01-15 2020-01-22,Georgia,22,0,0,0,0,0,0,0
113,2020-01-15 2020-01-22,Hawaii,0,0,0,0,0,0,0,0
114,2020-01-15 2020-01-22,Idaho,0,0,0,0,0,0,0,0
115,2020-01-15 2020-01-22,Illinois,23,0,0,0,0,29,0,0
116,2020-01-15 2020-01-22,Indiana,33,0,0,0,0,0,0,0
117,2020-01-15 2020-01-22,Iowa,36,0,0,0,0,0,0,0
118,2020-01-15 2020-01-22,Kansas,0,0,0,0,0,0,0,0
119,2020-01-15 2020-01-22,Kentucky,26,0,0,0,0,100,0,0
120,2020-01-15 2020-01-22,Louisiana,27,0,0,0,0,0,0,0
121,2020-01-15 2020-01-22,Maine,0,0,0,0,0,0,0,0
122,2020-01-15 2020-01-22,Maryland,15,0,0,0,0,0,0,0
123,2020-01-15 2020-01-22,Massachusetts,13,0,0,0,0,0,0,0
124,2020-01-15 2020-01-22,Michigan,22,0,0,0,0,0,0,0
125,2020-01-15 2020-01-22,Minnesota,24,0,0,0,0,0,0,0
126,2020-01-15 2020-01-22,Mississippi,0,0,0,0,0,0,0,0
127,2020-01-15 2020-01-22,Missouri,17,0,0,0,0,0,0,0
128,2020-01-15 2020-01-22,Montana,0,0,0,0,0,0,0,0
129,2020-01-15 2020-01-22,Nebraska,0,0,0,0,0,0,0,0
130,2020-01-15 2020-01-22,Nevada,100,0,0,0,0,0,0,0
131,2020-01-15 2020-01-22,New Hampshire,79,0,0,0,0,0,0,0
132,2020-01-15 2020-01-22,New Jersey,15,100,0,0,0,39,0,0
133,2020-01-15 2020-01-22,New Mexico,0,0,0,0,0,0,0,0
134,2020-01-15 2020-01-22,New York,20,0,0,0,0,15,0,0
135,2020-01-15 2020-01-22,North Carolina,37,0,0,0,0,0,0,0
136,2020-01-15 2020-01-22,North Dakota,0,0,0,0,0,0,0,0
137,2020-01-15 2020-01-22,Ohio,24,0,0,0,0,0,0,0
138,2020-01-15 2020-01-22,Oklahoma,0,0,0,0,0,0,0,0
139,2020-01-15 2020-01-22,Oregon,0,0,0,0,0,0,0,0
140,2020-01-15 2020-01-22,Pennsylvania,15,0,0,0,0,0,0,0
141,2020-01-15 2020-01-22,Rhode Island,89,0,0,0,0,0,0,0
142,2020-01-15 2020-01-22,South Carolina,22,0,0,0,0,0,0,0
143,2020-01-15 2020-01-22,South Dakota,0,0,0,0,0,0,0,0
144,2020-01-15 2020-01-22,Tennessee,14,0,0,0,0,0,0,0
145,2020-01-15 2020-01-22,Texas,18,0,0,0,0,0,0,100
146,2020-01-15 2020-01-22,Utah,65,0,0,0,0,0,0,0
147,2020-01-15 2020-01-22,Vermont,0,0,0,0,0,0,0,0
148,2020-01-15 2020-01-22,Virginia,32,0,0,0,0,0,0,0
149,2020-01-15 2020-01-22,Washington,38,0,0,0,0,0,0,0
150,2020-01-15 2020-01-22,West Virginia,76,0,0,0,0,0,0,0
151,2020-01-15 2020-01-22,Wisconsin,18,0,0,0,0,0,0,0
152,2020-01-15 2020-01-22,Wyoming,0,0,0,0,0,0,0,0
153,2020-01-22 2020-01-29,Alabama,20,0,0,0,0,0,0,0
154,2020-01-22 2020-01-29,Alaska,0,0,0,0,0,0,0,0
155,2020-01-22 2020-01-29,Arizona,16,0,0,0,0,0,0,0
156,2020-01-22 2020-01-29,Arkansas,0,0,0,0,0,0,0,0
157,2020-01-22 2020-01-29,California,6,5,0,0,0,0,0,0
158,2020-01-22 2020-01-29,Colorado,33,0,0,0,0,0,0,0
159,2020-01-22 2020-01-29,Connecticut,0,0,0,0,0,0,0,0
160,2020-01-22 2020-01-29,Delaware,66,0,0,0,0,0,0,0
161,2020-01-22 2020-01-29,District of Columbia,45,0,0,0,0,0,0,0
162,2020-01-22 2020-01-29,Florida,9,0,27,0,0,0,0,0
163,2020-01-22 2020-01-29,Georgia,7,0,0,0,0,0,0,0
164,2020-01-22 2020-01-29,Hawaii,0,0,0,0,0,0,0,0
165,2020-01-22 2020-01-29,Idaho,40,0,0,0,0,0,0,0
166,2020-01-22 2020-01-29,Illinois,6,15,43,0,0,0,0,0
167,2020-01-22 2020-01-29,Indiana,0,0,0,0,0,0,0,0
168,2020-01-22 2020-01-29,Iowa,0,0,0,0,0,0,0,0
169,2020-01-22 2020-01-29,Kansas,22,0,0,0,0,0,0,0
170,2020-01-22 2020-01-29,Kentucky,14,0,0,0,0,0,0,0
171,2020-01-22 2020-01-29,Louisiana,0,0,0,0,0,0,0,0
172,2020-01-22 2020-01-29,Maine,0,0,0,0,0,0,0,0
173,2020-01-22 2020-01-29,Maryland,22,0,0,0,0,0,0,0
174,2020-01-22 2020-01-29,Massachusetts,0,0,0,0,0,0,0,0
175,2020-01-22 2020-01-29,Michigan,0,22,0,0,0,0,0,0
176,2020-01-22 2020-01-29,Minnesota,0,0,0,0,0,0,0,0
177,2020-01-22 2020-01-29,Mississippi,0,100,0,0,0,0,0,0
178,2020-01-22 2020-01-29,Missouri,9,34,100,0,0,0,0,0
179,2020-01-22 2020-01-29,Montana,0,0,0,0,0,0,0,0
180,2020-01-22 2020-01-29,Nebraska,0,0,0,0,0,0,0,0
181,2020-01-22 2020-01-29,Nevada,37,0,0,0,0,0,0,0
182,2020-01-22 2020-01-29,New Hampshire,0,0,0,0,0,0,0,0
183,2020-01-22 2020-01-29,New Jersey,6,0,0,0,0,0,0,0
184,2020-01-22 2020-01-29,New Mexico,31,0,0,0,0,0,0,0
185,2020-01-22 2020-01-29,New York,16,9,0,0,0,0,0,0
186,2020-01-22 2020-01-29,North Carolina,5,0,0,0,0,0,0,0
187,2020-01-22 2020-01-29,North Dakota,87,0,0,0,0,0,0,0
188,2020-01-22 2020-01-29,Ohio,5,0,0,0,0,0,0,0
189,2020-01-22 2020-01-29,Oklahoma,18,0,0,0,0,0,0,0
190,2020-01-22 2020-01-29,Oregon,14,0,0,0,0,0,0,0
191,2020-01-22 2020-01-29,Pennsylvania,4,0,0,0,0,0,0,0
192,2020-01-22 2020-01-29,Rhode Island,0,0,0,0,0,0,0,0
193,2020-01-22 2020-01-29,South Carolina,0,0,0,0,0,0,0,0
194,2020-01-22 2020-01-29,South Dakota,84,0,0,0,0,0,0,0
195,2020-01-22 2020-01-29,Tennessee,17,0,0,0,0,0,0,0
196,2020-01-22 2020-01-29,Texas,4,7,0,0,0,100,0,0
197,2020-01-22 2020-01-29,Utah,18,0,0,0,0,0,0,0
198,2020-01-22 2020-01-29,Vermont,100,0,0,0,0,0,0,0
199,2020-01-22 2020-01-29,Virginia,6,33,0,0,0,0,0,0
200,2020-01-22 2020-01-29,Washington,7,0,0,0,0,0,0,0
201,2020-01-22 2020-01-29,West Virginia,43,0,0,0,0,0,0,0
202,2020-01-22 2020-01-29,Wisconsin,0,0,0,0,0,0,0,0
203,2020-01-22 2020-01-29,Wyoming,0,0,0,0,0,0,0,0
204,2020-01-29 2020-02-05,Alabama,12,25,0,0,0,0,0,0
205,2020-01-29 2020-02-05,Alaska,0,0,0,0,0,0,0,0
206,2020-01-29 2020-02-05,Arizona,9,0,0,0,0,100,0,0
207,2020-01-29 2020-02-05,Arkansas,51,0,0,0,0,0,0,0
208,2020-01-29 2020-02-05,California,15,8,9,0,0,16,0,0
209,2020-01-29 2020-02-05,Colorado,10,0,0,0,0,0,0,0
210,2020-01-29 2020-02-05,Connecticut,15,0,0,0,0,0,0,0
211,2020-01-29 2020-02-05,Delaware,0,0,0,0,0,0,0,0
212,2020-01-29 2020-02-05,District of Columbia,0,0,0,0,0,0,0,0
213,2020-01-29 2020-02-05,Florida,16,9,17,0,0,0,0,0
214,2020-01-29 2020-02-05,Georgia,8,12,0,0,0,0,0,0
215,2020-01-29 2020-02-05,Hawaii,100,0,0,0,0,0,0,0
216,2020-01-29 2020-02-05,Idaho,64,0,0,0,0,0,0,0
217,2020-01-29 2020-02-05,Illinois,6,9,0,0,0,0,0,0
218,2020-01-29 2020-02-05,Indiana,10,0,0,0,0,0,0,0
219,2020-01-29 2020-02-05,Iowa,22,0,0,0,0,0,0,0
220,2020-01-29 2020-02-05,Kansas,50,0,0,0,0,0,0,0
221,2020-01-29 2020-02-05,Kentucky,16,0,0,0,0,0,0,0
222,2020-01-29 2020-02-05,Louisiana,16,0,100,0,0,0,0,0
223,2020-01-29 2020-02-05,Maine,52,0,0,0,0,0,0,0
224,2020-01-29 2020-02-05,Maryland,23,20,0,0,0,0,0,0
225,2020-01-29 2020-02-05,Massachusetts,8,0,0,0,0,0,0,0
226,2020-01-29 2020-02-05,Michigan,7,14,0,0,0,0,0,0
227,2020-01-29 2020-02-05,Minnesota,16,0,0,0,0,0,0,0
228,2020-01-29 2020-02-05,Mississippi,0,0,0,0,0,0,0,0
229,2020-01-29 2020-02-05,Missouri,16,0,0,0,0,0,0,0
230,2020-01-29 2020-02-05,Montana,0,0,0,0,0,0,0,0
231,2020-01-29 2020-02-05,Nebraska,0,0,0,0,0,0,0,0
232,2020-01-29 2020-02-05,Nevada,21,0,0,0,0,0,0,0
233,2020-01-29 2020-02-05,New Hampshire,47,100,0,0,0,0,0,0
234,2020-01-29 2020-02-05,New Jersey,12,26,38,0,0,0,0,0
235,2020-01-29 2020-02-05,New Mexico,67,0,0,0,0,0,0,0
236,2020-01-29 2020-02-05,New York,10,6,16,0,0,0,0,0
237,2020-01-29 2020-02-05,North Carolina,11,0,0,0,0,62,0,0
238,2020-01-29 2020-02-05,North Dakota,0,0,0,0,0,0,0,0
239,2020-01-29 2020-02-05,Ohio,17,0,0,0,0,55,0,0
240,2020-01-29 2020-02-05,Oklahoma,0,0,0,0,0,0,0,0
241,2020-01-29 2020-02-05,Oregon,45,48,0,0,0,0,0,0
242,2020-01-29 2020-02-05,Pennsylvania,7,20,0,0,0,0,0,0
243,2020-01-29 2020-02-05,Rhode Island,0,0,0,0,0,0,0,0
244,2020-01-29 2020-02-05,South Carolina,14,0,0,0,0,0,0,0
245,2020-01-29 2020-02-05,South Dakota,92,0,0,0,0,0,0,0
246,2020-01-29 2020-02-05,Tennessee,14,0,0,0,0,0,0,0
247,2020-01-29 2020-02-05,Texas,8,0,0,0,0,0,0,0
248,2020-01-29 2020-02-05,Utah,0,0,0,0,0,0,0,100
249,2020-01-29 2020-02-05,Vermont,0,0,0,0,0,0,0,0
250,2020-01-29 2020-02-05,Virginia,19,14,0,0,0,0,0,0
251,2020-01-29 2020-02-05,Washington,24,0,0,0,0,0,0,0
252,2020-01-29 2020-02-05,West Virginia,0,0,0,0,0,0,0,0
253,2020-01-29 2020-02-05,Wisconsin,11,0,0,0,0,0,0,0
254,2020-01-29 2020-02-05,Wyoming,0,0,0,0,0,0,0,0
255,2020-02-05 2020-02-12,Alabama,0,0,0,0,0,0,0,0
256,2020-02-05 2020-02-12,Alaska,0,0,0,0,0,0,0,0
257,2020-02-05 2020-02-12,Arizona,10,0,0,0,0,0,0,0
258,2020-02-05 2020-02-12,Arkansas,0,0,0,0,0,0,0,0
259,2020-02-05 2020-02-12,California,15,13,47,0,0,0,0,0
260,2020-02-05 2020-02-12,Colorado,11,0,0,0,0,0,0,0
261,2020-02-05 2020-02-12,Connecticut,17,0,0,100,0,0,0,0
262,2020-02-05 2020-02-12,Delaware,0,0,0,0,0,0,0,0
263,2020-02-05 2020-02-12,District of Columbia,52,0,0,0,0,0,0,0
264,2020-02-05 2020-02-12,Florida,12,0,0,0,0,0,0,0
265,2020-02-05 2020-02-12,Georgia,6,100,0,0,0,0,0,0
266,2020-02-05 2020-02-12,Hawaii,55,0,0,0,0,0,0,0
267,2020-02-05 2020-02-12,Idaho,0,0,0,0,0,0,0,0
268,2020-02-05 2020-02-12,Illinois,7,39,0,0,0,0,0,0
269,2020-02-05 2020-02-12,Indiana,11,91,0,0,0,0,0,0
270,2020-02-05 2020-02-12,Iowa,25,0,0,0,0,0,0,0
271,2020-02-05 2020-02-12,Kansas,0,0,0,0,0,100,0,0
272,2020-02-05 2020-02-12,Kentucky,0,0,0,0,0,0,0,0
273,2020-02-05 2020-02-12,Louisiana,18,0,0,0,0,0,0,0
274,2020-02-05 2020-02-12,Maine,0,0,0,0,0,0,0,0
275,2020-02-05 2020-02-12,Maryland,20,0,0,0,0,0,0,0
276,2020-02-05 2020-02-12,Massachusetts,8,0,0,0,0,0,0,0
277,2020-02-05 2020-02-12,Michigan,14,0,0,0,0,0,0,0
278,2020-02-05 2020-02-12,Minnesota,12,0,0,0,0,0,0,0
279,2020-02-05 2020-02-12,Mississippi,0,0,0,0,0,0,0,0
280,2020-02-05 2020-02-12,Missouri,46,0,0,0,0,0,0,0
281,2020-02-05 2020-02-12,Montana,0,0,0,0,0,0,0,0
282,2020-02-05 2020-02-12,Nebraska,35,0,0,0,0,0,0,0
283,2020-02-05 2020-02-12,Nevada,0,0,0,0,0,0,0,0
284,2020-02-05 2020-02-12,New Hampshire,52,0,0,0,0,0,0,0
285,2020-02-05 2020-02-12,New Jersey,17,0,100,0,0,0,0,0
286,2020-02-05 2020-02-12,New Mexico,0,0,0,0,0,0,0,0
287,2020-02-05 2020-02-12,New York,20,0,0,0,0,0,0,0
288,2020-02-05 2020-02-12,North Carolina,9,50,0,0,0,0,0,0
289,2020-02-05 2020-02-12,North Dakota,0,0,0,0,0,0,0,0
290,2020-02-05 2020-02-12,Ohio,8,0,0,0,0,0,0,0
291,2020-02-05 2020-02-12,Oklahoma,21,0,0,0,0,0,0,0
292,2020-02-05 2020-02-12,Oregon,17,0,0,0,0,0,0,0
293,2020-02-05 2020-02-12,Pennsylvania,5,0,76,0,0,0,0,0
294,2020-02-05 2020-02-12,Rhode Island,0,0,0,0,0,0,0,0
295,2020-02-05 2020-02-12,South Carolina,29,0,0,0,0,0,0,0
296,2020-02-05 2020-02-12,South Dakota,100,0,0,0,0,0,0,0
297,2020-02-05 2020-02-12,Tennessee,10,85,0,0,0,0,0,0
298,2020-02-05 2020-02-12,Texas,6,18,0,0,0,0,0,0
299,2020-02-05 2020-02-12,Utah,0,0,0,0,0,0,0,0
300,2020-02-05 2020-02-12,Vermont,0,0,0,0,0,0,0,0
301,2020-02-05 2020-02-12,Virginia,18,58,0,0,0,0,0,0
302,2020-02-05 2020-02-12,Washington,9,0,0,0,0,0,0,0
303,2020-02-05 2020-02-12,West Virginia,0,0,0,0,0,0,0,0
304,2020-02-05 2020-02-12,Wisconsin,36,0,0,0,0,0,0,0
305,2020-02-05 2020-02-12,Wyoming,0,0,0,0,0,0,0,0
306,2020-02-12 2020-02-19,Alabama,0,0,0,0,0,0,0,0
307,2020-02-12 2020-02-19,Alaska,100,0,0,0,0,0,0,0
308,2020-02-12 2020-02-19,Arizona,7,55,0,0,0,0,0,0
309,2020-02-12 2020-02-19,Arkansas,22,0,0,0,0,0,0,0
310,2020-02-12 2020-02-19,California,11,23,8,0,0,0,0,0
311,2020-02-12 2020-02-19,Colorado,17,0,0,0,0,0,0,0
312,2020-02-12 2020-02-19,Connecticut,13,0,0,0,0,0,0,0
313,2020-02-12 2020-02-19,Delaware,0,0,0,0,0,0,0,0
314,2020-02-12 2020-02-19,District of Columbia,42,0,0,0,0,0,0,0
315,2020-02-12 2020-02-19,Florida,4,33,0,0,0,17,0,0
316,2020-02-12 2020-02-19,Georgia,19,35,0,0,0,0,0,0
317,2020-02-12 2020-02-19,Hawaii,0,0,0,0,0,0,0,0
318,2020-02-12 2020-02-19,Idaho,36,0,0,0,0,0,0,0
319,2020-02-12 2020-02-19,Illinois,4,27,0,0,0,27,0,0
320,2020-02-12 2020-02-19,Indiana,8,0,0,0,0,0,0,0
321,2020-02-12 2020-02-19,Iowa,0,0,0,0,0,0,0,0
322,2020-02-12 2020-02-19,Kansas,21,0,0,0,0,0,0,0
323,2020-02-12 2020-02-19,Kentucky,26,0,0,0,0,100,0,0
324,2020-02-12 2020-02-19,Louisiana,0,0,0,0,0,0,0,0
325,2020-02-12 2020-02-19,Maine,0,0,0,0,0,0,0,0
326,2020-02-12 2020-02-19,Maryland,19,0,0,0,0,0,0,0
327,2020-02-12 2020-02-19,Massachusetts,13,49,0,0,0,50,0,0
328,2020-02-12 2020-02-19,Michigan,27,0,0,0,0,42,0,0
329,2020-02-12 2020-02-19,Minnesota,9,0,0,0,0,0,0,0
330,2020-02-12 2020-02-19,Mississippi,24,0,0,0,0,0,0,0
331,2020-02-12 2020-02-19,Missouri,9,0,0,0,0,0,0,0
332,2020-02-12 2020-02-19,Montana,62,0,0,0,0,0,0,0
333,2020-02-12 2020-02-19,Nebraska,26,0,0,0,0,0,0,0
334,2020-02-12 2020-02-19,Nevada,26,0,0,0,0,0,0,0
335,2020-02-12 2020-02-19,New Hampshire,39,0,0,0,0,0,0,0
336,2020-02-12 2020-02-19,New Jersey,13,39,0,0,0,40,0,0
337,2020-02-12 2020-02-19,New Mexico,28,0,0,0,0,0,0,0
338,2020-02-12 2020-02-19,New York,12,46,0,0,0,0,0,0
339,2020-02-12 2020-02-19,North Carolina,18,34,0,0,0,34,0,0
340,2020-02-12 2020-02-19,North Dakota,0,0,0,0,0,0,0,0
341,2020-02-12 2020-02-19,Ohio,8,0,0,0,0,31,0,0
342,2020-02-12 2020-02-19,Oklahoma,32,0,100,0,0,0,0,0
343,2020-02-12 2020-02-19,Oregon,19,94,0,0,0,0,0,0
344,2020-02-12 2020-02-19,Pennsylvania,8,29,0,0,0,0,0,0
345,2020-02-12 2020-02-19,Rhode Island,44,0,0,0,0,0,0,0
346,2020-02-12 2020-02-19,South Carolina,28,0,0,0,0,0,0,0
347,2020-02-12 2020-02-19,South Dakota,0,0,0,0,0,0,0,0
348,2020-02-12 2020-02-19,Tennessee,16,0,0,0,0,0,0,0
349,2020-02-12 2020-02-19,Texas,7,0,10,0,0,13,0,0
350,2020-02-12 2020-02-19,Utah,0,0,0,0,0,0,0,0
351,2020-02-12 2020-02-19,Vermont,0,0,0,0,0,0,0,0
352,2020-02-12 2020-02-19,Virginia,11,0,0,0,0,42,0,0
353,2020-02-12 2020-02-19,Washington,13,100,0,0,0,0,0,0
354,2020-02-12 2020-02-19,West Virginia,0,0,0,0,0,0,0,0
355,2020-02-12 2020-02-19,Wisconsin,13,0,0,0,0,0,0,0
356,2020-02-12 2020-02-19,Wyoming,0,0,0,0,0,0,0,0
357,2020-02-19 2020-02-26,Alabama,0,12,100,0,0,0,0,0
358,2020-02-19 2020-02-26,Alaska,100,100,0,0,0,0,0,0
359,2020-02-19 2020-02-26,Arizona,15,0,0,0,0,0,0,100
360,2020-02-19 2020-02-26,Arkansas,0,0,0,0,0,0,0,0
361,2020-02-19 2020-02-26,California,15,6,15,0,0,22,0,0
362,2020-02-19 2020-02-26,Colorado,13,8,0,0,0,0,0,0
363,2020-02-19 2020-02-26,Connecticut,13,0,0,0,0,0,0,0
364,2020-02-19 2020-02-26,Delaware,58,0,0,0,0,0,0,0
365,2020-02-19 2020-02-26,District of Columbia,0,41,0,0,0,0,0,0
366,2020-02-19 2020-02-26,Florida,19,3,18,0,0,79,0,0
367,2020-02-19 2020-02-26,Georgia,5,0,0,0,0,0,0,0
368,2020-02-19 2020-02-26,Hawaii,40,0,0,0,0,0,0,0
369,2020-02-19 2020-02-26,Idaho,36,36,0,0,0,0,0,0
370,2020-02-19 2020-02-26,Illinois,9,0,0,0,0,0,0,0
371,2020-02-19 2020-02-26,Indiana,13,9,0,0,0,0,0,0
372,2020-02-19 2020-02-26,Iowa,19,19,0,0,0,0,0,0
373,2020-02-19 2020-02-26,Kansas,21,21,0,0,0,0,0,0
374,2020-02-19 2020-02-26,Kentucky,0,0,0,0,0,0,0,0
375,2020-02-19 2020-02-26,Louisiana,14,0,0,0,0,0,0,0
376,2020-02-19 2020-02-26,Maine,0,0,0,0,0,0,0,0
377,2020-02-19 2020-02-26,Maryland,11,8,0,0,0,0,0,0
378,2020-02-19 2020-02-26,Massachusetts,7,7,0,0,0,0,0,0
379,2020-02-19 2020-02-26,Michigan,14,6,46,0,0,100,0,76
380,2020-02-19 2020-02-26,Minnesota,9,0,0,0,0,0,0,0
381,2020-02-19 2020-02-26,Mississippi,0,25,0,0,0,0,0,0
382,2020-02-19 2020-02-26,Missouri,9,9,0,0,0,0,0,0
383,2020-02-19 2020-02-26,Montana,0,0,0,0,0,0,0,0
384,2020-02-19 2020-02-26,Nebraska,27,0,0,0,0,0,0,0
385,2020-02-19 2020-02-26,Nevada,17,0,0,0,0,0,0,0
386,2020-02-19 2020-02-26,New Hampshire,0,0,0,0,0,0,0,0
387,2020-02-19 2020-02-26,New Jersey,8,5,0,0,0,0,0,0
388,2020-02-19 2020-02-26,New Mexico,56,0,0,0,0,0,0,0
389,2020-02-19 2020-02-26,New York,9,2,0,0,0,38,0,0
390,2020-02-19 2020-02-26,North Carolina,7,0,0,0,0,0,0,0
391,2020-02-19 2020-02-26,North Dakota,0,0,0,0,0,0,0,0
392,2020-02-19 2020-02-26,Ohio,12,4,0,0,0,0,0,0
393,2020-02-19 2020-02-26,Oklahoma,66,0,0,0,0,0,0,0
394,2020-02-19 2020-02-26,Oregon,19,0,0,0,0,0,0,0
395,2020-02-19 2020-02-26,Pennsylvania,10,6,33,51,0,0,0,0
396,2020-02-19 2020-02-26,Rhode Island,45,0,0,0,0,0,0,0
397,2020-02-19 2020-02-26,South Carolina,22,0,0,0,0,0,0,0
398,2020-02-19 2020-02-26,South Dakota,0,0,0,0,0,0,0,0
399,2020-02-19 2020-02-26,Tennessee,8,0,0,100,0,0,0,0
400,2020-02-19 2020-02-26,Texas,10,2,0,0,0,0,0,0
401,2020-02-19 2020-02-26,Utah,25,16,0,0,0,0,0,0
402,2020-02-19 2020-02-26,Vermont,0,92,0,0,0,0,0,0
403,2020-02-19 2020-02-26,Virginia,14,6,0,0,0,0,0,0
404,2020-02-19 2020-02-26,Washington,17,7,0,0,0,0,0,0
405,2020-02-19 2020-02-26,West Virginia,0,40,0,0,0,0,0,0
406,2020-02-19 2020-02-26,Wisconsin,9,9,0,0,0,0,0,0
407,2020-02-19 2020-02-26,Wyoming,0,0,0,0,0,0,0,0
408,2020-02-26 2020-03-04,Alabama,50,5,0,0,0,0,0,0
409,2020-02-26 2020-03-04,Alaska,0,0,0,0,0,0,0,0
410,2020-02-26 2020-03-04,Arizona,24,8,0,0,0,0,0,0
411,2020-02-26 2020-03-04,Arkansas,35,9,0,0,0,0,0,0
412,2020-02-26 2020-03-04,California,16,4,6,0,100,15,0,0
413,2020-02-26 2020-03-04,Colorado,27,0,0,0,0,0,0,0
414,2020-02-26 2020-03-04,Connecticut,0,11,0,0,0,0,0,0
415,2020-02-26 2020-03-04,Delaware,0,0,0,0,0,0,0,0
416,2020-02-26 2020-03-04,District of Columbia,0,0,0,0,0,0,0,0
417,2020-02-26 2020-03-04,Florida,27,2,6,0,0,0,0,0
418,2020-02-26 2020-03-04,Georgia,15,5,0,0,0,0,0,0
419,2020-02-26 2020-03-04,Hawaii,0,17,100,0,0,0,0,0
420,2020-02-26 2020-03-04,Idaho,0,0,0,0,0,0,0,0
421,2020-02-26 2020-03-04,Illinois,26,5,9,0,0,0,0,100
422,2020-02-26 2020-03-04,Indiana,14,8,0,0,0,0,0,0
423,2020-02-26 2020-03-04,Iowa,0,8,0,100,0,0,0,0
424,2020-02-26 2020-03-04,Kansas,0,28,0,0,0,0,0,0
425,2020-02-26 2020-03-04,Kentucky,17,0,0,0,0,0,0,0
426,2020-02-26 2020-03-04,Louisiana,0,6,0,0,0,0,0,0
427,2020-02-26 2020-03-04,Maine,0,0,0,0,0,0,0,0
428,2020-02-26 2020-03-04,Maryland,47,3,19,0,0,0,0,0
429,2020-02-26 2020-03-04,Massachusetts,26,6,16,0,0,0,0,0
430,2020-02-26 2020-03-04,Michigan,9,6,14,30,0,0,0,0
431,2020-02-26 2020-03-04,Minnesota,44,8,0,0,0,0,0,0
432,2020-02-26 2020-03-04,Mississippi,0,0,0,0,0,0,0,0
433,2020-02-26 2020-03-04,Missouri,29,8,0,0,0,0,0,0
434,2020-02-26 2020-03-04,Montana,100,27,0,0,0,0,0,0
435,2020-02-26 2020-03-04,Nebraska,42,11,0,0,0,0,0,0
436,2020-02-26 2020-03-04,Nevada,27,7,0,0,0,0,0,0
437,2020-02-26 2020-03-04,New Hampshire,66,18,0,0,0,0,0,0
438,2020-02-26 2020-03-04,New Jersey,25,6,0,0,0,65,0,0
439,2020-02-26 2020-03-04,New Mexico,91,12,0,0,0,0,0,0
440,2020-02-26 2020-03-04,New York,19,3,0,0,0,0,0,0
441,2020-02-26 2020-03-04,North Carolina,22,6,12,0,0,57,0,0
442,2020-02-26 2020-03-04,North Dakota,0,0,0,0,0,0,0,0
443,2020-02-26 2020-03-04,Ohio,20,2,10,0,0,0,0,0
444,2020-02-26 2020-03-04,Oklahoma,39,0,0,86,0,0,0,0
445,2020-02-26 2020-03-04,Oregon,20,11,0,0,0,0,0,0
446,2020-02-26 2020-03-04,Pennsylvania,19,4,20,21,0,0,0,0
447,2020-02-26 2020-03-04,Rhode Island,69,38,0,0,0,0,0,0
448,2020-02-26 2020-03-04,South Carolina,18,0,0,0,0,0,0,0
449,2020-02-26 2020-03-04,South Dakota,0,0,0,0,0,0,0,0
450,2020-02-26 2020-03-04,Tennessee,19,10,0,0,0,100,0,0
451,2020-02-26 2020-03-04,Texas,24,7,4,0,0,0,0,0
452,2020-02-26 2020-03-04,Utah,39,7,0,0,0,0,0,0
453,2020-02-26 2020-03-04,Vermont,0,40,0,0,0,0,0,0
454,2020-02-26 2020-03-04,Virginia,27,6,0,0,0,0,0,0
455,2020-02-26 2020-03-04,Washington,10,6,17,0,0,0,0,0
456,2020-02-26 2020-03-04,West Virginia,0,0,100,0,0,0,0,0
457,2020-02-26 2020-03-04,Wisconsin,15,0,23,0,0,0,0,0
458,2020-02-26 2020-03-04,Wyoming,0,100,0,0,0,0,0,0
459,2020-03-04 2020-03-11,Alabama,48,35,22,0,0,0,0,0
460,2020-03-04 2020-03-11,Alaska,0,0,0,0,0,0,0,0
461,2020-03-04 2020-03-11,Arizona,14,34,0,0,0,0,0,100
462,2020-03-04 2020-03-11,Arkansas,0,50,0,0,0,0,0,0
463,2020-03-04 2020-03-11,California,11,13,4,14,0,6,0,16
464,2020-03-04 2020-03-11,Colorado,16,19,14,100,0,44,0,0
465,2020-03-04 2020-03-11,Connecticut,25,15,0,0,0,0,0,0
466,2020-03-04 2020-03-11,Delaware,0,0,100,0,0,0,0,0
467,2020-03-04 2020-03-11,District of Columbia,100,44,68,0,0,0,0,0
468,2020-03-04 2020-03-11,Florida,10,19,8,0,100,35,0,0
469,2020-03-04 2020-03-11,Georgia,6,24,7,0,0,0,0,0
470,2020-03-04 2020-03-11,Hawaii,51,45,0,0,0,0,0,0
471,2020-03-04 2020-03-11,Idaho,0,0,0,0,0,0,0,0
472,2020-03-04 2020-03-11,Illinois,14,16,0,0,0,0,0,0
473,2020-03-04 2020-03-11,Indiana,11,24,15,0,0,0,0,0
474,2020-03-04 2020-03-11,Iowa,49,22,0,0,0,100,0,0
475,2020-03-04 2020-03-11,Kansas,54,24,0,0,0,0,0,0
476,2020-03-04 2020-03-11,Kentucky,17,22,23,0,0,0,0,0
477,2020-03-04 2020-03-11,Louisiana,35,23,0,0,0,0,0,0
478,2020-03-04 2020-03-11,Maine,0,50,0,0,0,0,0,0
479,2020-03-04 2020-03-11,Maryland,19,26,0,0,0,0,0,0
480,2020-03-04 2020-03-11,Massachusetts,17,22,0,0,0,0,0,0
481,2020-03-04 2020-03-11,Michigan,7,19,0,0,0,29,0,0
482,2020-03-04 2020-03-11,Minnesota,12,42,0,0,0,0,0,0
483,2020-03-04 2020-03-11,Mississippi,0,0,0,0,0,0,0,0
484,2020-03-04 2020-03-11,Missouri,12,36,16,0,0,0,0,0
485,2020-03-04 2020-03-11,Montana,81,70,0,0,0,0,0,0
486,2020-03-04 2020-03-11,Nebraska,69,0,0,0,0,0,0,0
487,2020-03-04 2020-03-11,Nevada,21,38,29,0,0,0,0,0
488,2020-03-04 2020-03-11,New Hampshire,0,0,0,0,0,0,0,0
489,2020-03-04 2020-03-11,New Jersey,13,15,0,0,0,27,0,0
490,2020-03-04 2020-03-11,New Mexico,0,0,0,0,0,0,0,0
491,2020-03-04 2020-03-11,New York,23,12,11,0,0,11,0,0
492,2020-03-04 2020-03-11,North Carolina,6,13,16,0,0,0,0,0
493,2020-03-04 2020-03-11,North Dakota,0,88,0,0,0,0,0,0
494,2020-03-04 2020-03-11,Ohio,18,21,14,49,0,0,0,0
495,2020-03-04 2020-03-11,Oklahoma,42,0,0,0,0,85,0,0
496,2020-03-04 2020-03-11,Oregon,16,42,0,0,0,0,0,0
497,2020-03-04 2020-03-11,Pennsylvania,16,21,14,48,0,21,0,0
498,2020-03-04 2020-03-11,Rhode Island,0,100,0,0,0,0,0,0
499,2020-03-04 2020-03-11,South Carolina,0,0,0,0,0,0,0,0
500,2020-03-04 2020-03-11,South Dakota,0,0,0,0,0,0,0,0
501,2020-03-04 2020-03-11,Tennessee,10,14,41,0,0,0,0,0
502,2020-03-04 2020-03-11,Texas,12,15,3,21,79,14,0,0
503,2020-03-04 2020-03-11,Utah,21,18,0,0,0,0,0,0
504,2020-03-04 2020-03-11,Vermont,0,0,0,0,0,0,0,0
505,2020-03-04 2020-03-11,Virginia,25,25,0,0,0,0,0,0
506,2020-03-04 2020-03-11,Washington,8,26,0,0,0,0,0,0
507,2020-03-04 2020-03-11,West Virginia,0,0,0,0,0,0,0,0
508,2020-03-04 2020-03-11,Wisconsin,12,21,16,0,0,0,0,0
509,2020-03-04 2020-03-11,Wyoming,0,0,0,0,0,0,0,0
510,2020-03-11 2020-03-18,Alabama,11,44,21,0,0,0,0,0
511,2020-03-11 2020-03-18,Alaska,0,58,0,0,0,0,0,0
512,2020-03-11 2020-03-18,Arizona,16,36,12,19,0,13,0,0
513,2020-03-11 2020-03-18,Arkansas,19,38,36,0,0,0,0,0
514,2020-03-11 2020-03-18,California,16,31,14,12,13,3,0,0
515,2020-03-11 2020-03-18,Colorado,22,14,14,21,0,14,0,0
516,2020-03-11 2020-03-18,Connecticut,23,19,43,0,0,0,0,0
517,2020-03-11 2020-03-18,Delaware,0,100,0,0,0,100,0,0
518,2020-03-11 2020-03-18,District of Columbia,0,0,0,0,0,0,0,0
519,2020-03-11 2020-03-18,Florida,16,33,20,11,25,6,0,0
520,2020-03-11 2020-03-18,Georgia,11,37,18,0,0,15,0,0
521,2020-03-11 2020-03-18,Hawaii,69,57,65,100,0,0,0,0
522,2020-03-11 2020-03-18,Idaho,0,39,0,0,0,0,0,0
523,2020-03-11 2020-03-18,Illinois,19,30,18,9,39,0,0,0
524,2020-03-11 2020-03-18,Indiana,23,43,15,0,0,0,0,0
525,2020-03-11 2020-03-18,Iowa,0,57,65,100,0,0,0,0
526,2020-03-11 2020-03-18,Kansas,19,56,36,0,0,0,0,0
527,2020-03-11 2020-03-18,Kentucky,18,15,22,0,0,0,0,79
528,2020-03-11 2020-03-18,Louisiana,12,36,0,35,0,0,0,0
529,2020-03-11 2020-03-18,Maine,0,49,0,0,0,74,0,0
530,2020-03-11 2020-03-18,Maryland,20,27,13,20,0,20,0,0
531,2020-03-11 2020-03-18,Massachusetts,23,11,11,0,0,0,0,0
532,2020-03-11 2020-03-18,Michigan,17,55,22,14,0,14,0,0
533,2020-03-11 2020-03-18,Minnesota,8,24,15,23,100,0,0,0
534,2020-03-11 2020-03-18,Mississippi,0,23,45,68,0,0,0,0
535,2020-03-11 2020-03-18,Missouri,12,34,30,0,0,0,0,0
536,2020-03-11 2020-03-18,Montana,53,0,100,0,0,0,0,0
537,2020-03-11 2020-03-18,Nebraska,24,47,45,0,0,0,0,0
538,2020-03-11 2020-03-18,Nevada,15,43,27,0,0,0,0,100
539,2020-03-11 2020-03-18,New Hampshire,34,45,64,0,0,0,0,0
540,2020-03-11 2020-03-18,New Jersey,9,33,16,0,0,9,0,0
541,2020-03-11 2020-03-18,New Mexico,24,24,0,0,0,0,0,0
542,2020-03-11 2020-03-18,New York,15,23,17,5,23,7,0,0
543,2020-03-11 2020-03-18,North Carolina,21,21,16,12,0,0,0,0
544,2020-03-11 2020-03-18,North Dakota,71,47,0,0,0,0,0,0
545,2020-03-11 2020-03-18,Ohio,15,41,17,0,0,7,0,0
546,2020-03-11 2020-03-18,Oklahoma,0,34,0,0,0,0,0,0
547,2020-03-11 2020-03-18,Oregon,16,25,40,0,0,0,0,0
548,2020-03-11 2020-03-18,Pennsylvania,12,37,13,10,0,7,0,0
549,2020-03-11 2020-03-18,Rhode Island,40,27,0,0,0,0,0,0
550,2020-03-11 2020-03-18,South Carolina,10,43,29,0,0,0,0,0
551,2020-03-11 2020-03-18,South Dakota,69,68,0,0,0,0,0,0
552,2020-03-11 2020-03-18,Tennessee,14,24,13,21,0,0,0,0
553,2020-03-11 2020-03-18,Texas,6,30,13,5,20,8,0,0
554,2020-03-11 2020-03-18,Utah,21,27,0,0,0,0,0,0
555,2020-03-11 2020-03-18,Vermont,0,0,0,0,0,0,0,0
556,2020-03-11 2020-03-18,Virginia,5,28,9,0,0,0,0,0
557,2020-03-11 2020-03-18,Washington,9,25,22,0,0,11,0,0
558,2020-03-11 2020-03-18,West Virginia,36,24,0,0,0,0,0,0
559,2020-03-11 2020-03-18,Wisconsin,24,24,15,0,0,0,0,55
560,2020-03-11 2020-03-18,Wyoming,100,67,0,0,0,0,0,0
561,2020-03-18 2020-03-25,Alabama,9,8,0,25,0,0,0,0
562,2020-03-18 2020-03-25,Alaska,100,57,0,0,0,0,0,0
563,2020-03-18 2020-03-25,Arizona,18,31,13,0,0,0,0,0
564,2020-03-18 2020-03-25,Arkansas,16,40,39,43,0,38,0,0
565,2020-03-18 2020-03-25,California,19,33,13,5,9,7,0,0
566,2020-03-18 2020-03-25,Colorado,18,12,0,0,0,0,0,0
567,2020-03-18 2020-03-25,Connecticut,18,15,44,49,0,0,0,0
568,2020-03-18 2020-03-25,Delaware,0,33,0,0,0,0,0,0
569,2020-03-18 2020-03-25,District of Columbia,36,0,0,100,0,0,0,0
570,2020-03-18 2020-03-25,Florida,13,28,8,14,18,8,0,0
571,2020-03-18 2020-03-25,Georgia,14,28,15,8,0,7,0,0
572,2020-03-18 2020-03-25,Hawaii,43,24,0,0,0,0,0,0
573,2020-03-18 2020-03-25,Idaho,24,61,0,67,0,0,0,0
574,2020-03-18 2020-03-25,Illinois,8,36,19,14,0,12,0,0
575,2020-03-18 2020-03-25,Indiana,9,36,15,17,0,0,0,0
576,2020-03-18 2020-03-25,Iowa,27,52,0,0,0,0,0,0
577,2020-03-18 2020-03-25,Kansas,15,26,0,42,0,0,0,0
578,2020-03-18 2020-03-25,Kentucky,19,24,0,0,0,22,0,100
579,2020-03-18 2020-03-25,Louisiana,10,29,37,27,0,23,0,0
580,2020-03-18 2020-03-25,Maine,29,24,0,0,0,0,0,0
581,2020-03-18 2020-03-25,Maryland,16,25,14,15,0,13,0,0
582,2020-03-18 2020-03-25,Massachusetts,0,17,11,13,0,11,0,0
583,2020-03-18 2020-03-25,Michigan,18,40,9,0,0,9,0,0
584,2020-03-18 2020-03-25,Minnesota,19,24,16,17,100,0,0,0
585,2020-03-18 2020-03-25,Mississippi,53,15,0,0,0,0,0,0
586,2020-03-18 2020-03-25,Missouri,22,22,24,35,0,0,0,0
587,2020-03-18 2020-03-25,Montana,83,35,0,0,0,100,0,0
588,2020-03-18 2020-03-25,Nebraska,19,16,49,0,0,0,0,0
589,2020-03-18 2020-03-25,Nevada,0,10,31,34,0,0,0,0
590,2020-03-18 2020-03-25,New Hampshire,0,22,0,0,0,0,0,0
591,2020-03-18 2020-03-25,New Jersey,20,30,17,9,0,16,0,0
592,2020-03-18 2020-03-25,New Mexico,20,33,100,0,0,0,0,0
593,2020-03-18 2020-03-25,New York,9,23,18,4,17,4,0,0
594,2020-03-18 2020-03-25,North Carolina,5,23,8,19,0,8,0,0
595,2020-03-18 2020-03-25,North Dakota,55,93,0,0,0,0,0,0
596,2020-03-18 2020-03-25,Ohio,11,24,11,8,0,15,0,0
597,2020-03-18 2020-03-25,Oklahoma,12,25,0,33,0,0,0,0
598,2020-03-18 2020-03-25,Oregon,0,29,43,24,0,0,0,0
599,2020-03-18 2020-03-25,Pennsylvania,7,22,18,8,0,17,0,0
600,2020-03-18 2020-03-25,Rhode Island,31,39,79,0,0,0,0,0
601,2020-03-18 2020-03-25,South Carolina,32,14,30,0,0,19,0,0
602,2020-03-18 2020-03-25,South Dakota,0,88,0,0,0,0,0,0
603,2020-03-18 2020-03-25,Tennessee,14,34,14,16,0,14,0,0
604,2020-03-18 2020-03-25,Texas,13,19,11,3,0,12,0,13
605,2020-03-18 2020-03-25,Utah,32,36,27,30,0,0,0,0
606,2020-03-18 2020-03-25,Vermont,0,51,0,0,0,0,0,0
607,2020-03-18 2020-03-25,Virginia,17,24,14,0,0,9,0,0
608,2020-03-18 2020-03-25,Washington,16,24,12,0,0,0,0,50
609,2020-03-18 2020-03-25,West Virginia,0,46,0,0,0,0,0,0
610,2020-03-18 2020-03-25,Wisconsin,6,24,16,0,0,23,0,0
611,2020-03-18 2020-03-25,Wyoming,0,100,0,0,0,0,0,0
612,2020-03-25 2020-04-01,Alabama,55,13,46,0,0,0,0,0
613,2020-03-25 2020-04-01,Alaska,0,44,0,0,0,0,0,0
614,2020-03-25 2020-04-01,Arizona,22,30,17,17,0,20,0,0
615,2020-03-25 2020-04-01,Arkansas,28,28,0,0,0,0,0,0
616,2020-03-25 2020-04-01,California,24,29,20,7,18,17,0,0
617,2020-03-25 2020-04-01,Colorado,21,31,39,0,0,15,0,0
618,2020-03-25 2020-04-01,Connecticut,30,21,29,0,0,45,0,0
619,2020-03-25 2020-04-01,Delaware,100,27,0,0,0,0,0,0
620,2020-03-25 2020-04-01,District of Columbia,65,26,0,0,0,100,0,0
621,2020-03-25 2020-04-01,Florida,35,25,32,8,57,13,0,0
622,2020-03-25 2020-04-01,Georgia,43,31,26,15,43,16,0,0
623,2020-03-25 2020-04-01,Hawaii,0,100,0,0,0,0,0,0
624,2020-03-25 2020-04-01,Idaho,0,0,0,0,0,0,0,0
625,2020-03-25 2020-04-01,Illinois,33,27,43,0,54,17,0,11
626,2020-03-25 2020-04-01,Indiana,38,45,0,0,0,16,0,0
627,2020-03-25 2020-04-01,Iowa,46,28,0,0,0,0,0,0
628,2020-03-25 2020-04-01,Kansas,52,21,0,0,0,0,0,0
629,2020-03-25 2020-04-01,Kentucky,17,20,48,0,0,0,0,0
630,2020-03-25 2020-04-01,Louisiana,78,24,33,34,0,52,0,43
631,2020-03-25 2020-04-01,Maine,48,68,94,0,0,0,0,0
632,2020-03-25 2020-04-01,Maryland,46,35,62,0,0,28,0,0
633,2020-03-25 2020-04-01,Massachusetts,12,28,15,23,0,12,0,0
634,2020-03-25 2020-04-01,Michigan,43,43,48,30,100,37,0,0
635,2020-03-25 2020-04-01,Minnesota,11,28,42,42,0,0,0,0
636,2020-03-25 2020-04-01,Mississippi,91,18,59,0,0,47,0,0
637,2020-03-25 2020-04-01,Missouri,44,15,21,0,0,50,0,0
638,2020-03-25 2020-04-01,Montana,68,27,0,0,0,0,0,0
639,2020-03-25 2020-04-01,Nebraska,33,13,0,64,0,0,0,0
640,2020-03-25 2020-04-01,Nevada,42,47,0,82,0,0,0,0
641,2020-03-25 2020-04-01,New Hampshire,43,35,0,0,0,0,0,0
642,2020-03-25 2020-04-01,New Jersey,41,32,11,11,0,35,0,0
643,2020-03-25 2020-04-01,New Mexico,0,21,67,0,0,53,0,0
644,2020-03-25 2020-04-01,New York,51,27,35,19,56,21,0,7
645,2020-03-25 2020-04-01,North Carolina,32,23,28,33,0,26,0,0
646,2020-03-25 2020-04-01,North Dakota,93,37,0,0,0,0,0,0
647,2020-03-25 2020-04-01,Ohio,21,28,20,15,0,16,0,0
648,2020-03-25 2020-04-01,Oklahoma,0,33,39,0,0,31,0,100
649,2020-03-25 2020-04-01,Oregon,15,24,0,0,0,0,0,0
650,2020-03-25 2020-04-01,Pennsylvania,29,18,37,9,0,25,0,0
651,2020-03-25 2020-04-01,Rhode Island,0,21,100,100,0,0,0,0
652,2020-03-25 2020-04-01,South Carolina,35,22,40,27,0,21,0,34
653,2020-03-25 2020-04-01,South Dakota,0,0,0,0,0,0,0,0
654,2020-03-25 2020-04-01,Tennessee,30,28,38,39,0,15,0,0
655,2020-03-25 2020-04-01,Texas,28,22,16,16,17,6,0,0
656,2020-03-25 2020-04-01,Utah,19,23,36,0,0,0,0,0
657,2020-03-25 2020-04-01,Vermont,0,82,0,0,0,0,0,0
658,2020-03-25 2020-04-01,Virginia,29,26,50,13,0,30,0,16
659,2020-03-25 2020-04-01,Washington,12,29,23,23,0,0,0,0
660,2020-03-25 2020-04-01,West Virginia,48,47,0,0,0,0,0,0
661,2020-03-25 2020-04-01,Wisconsin,22,20,31,21,0,17,0,0
662,2020-03-25 2020-04-01,Wyoming,0,0,0,0,0,0,0,0
663,2020-04-01 2020-04-08,Alabama,43,73,71,36,0,35,0,45
664,2020-04-01 2020-04-08,Alaska,51,51,0,0,0,0,0,79
665,2020-04-01 2020-04-08,Arizona,81,61,41,36,0,17,0,100
666,2020-04-01 2020-04-08,Arkansas,49,62,0,0,0,0,0,58
667,2020-04-01 2020-04-08,California,55,73,23,24,61,28,0,28
668,2020-04-01 2020-04-08,Colorado,44,52,41,11,0,15,0,14
669,2020-04-01 2020-04-08,Connecticut,28,40,30,34,0,22,0,16
670,2020-04-01 2020-04-08,Delaware,46,73,68,0,0,100,0,48
671,2020-04-01 2020-04-08,District of Columbia,92,93,67,0,0,75,0,48
672,2020-04-01 2020-04-08,Florida,51,76,42,20,62,37,0,22
673,2020-04-01 2020-04-08,Georgia,79,71,33,13,83,47,0,57
674,2020-04-01 2020-04-08,Hawaii,34,100,100,0,0,0,0,0
675,2020-04-01 2020-04-08,Idaho,37,62,40,0,0,0,0,0
676,2020-04-01 2020-04-08,Illinois,36,62,43,10,67,23,0,11
677,2020-04-01 2020-04-08,Indiana,33,71,28,19,0,25,0,35
678,2020-04-01 2020-04-08,Iowa,22,41,73,0,0,18,0,17
679,2020-04-01 2020-04-08,Kansas,23,70,25,29,0,0,0,36
680,2020-04-01 2020-04-08,Kentucky,31,58,59,19,0,13,0,18
681,2020-04-01 2020-04-08,Louisiana,100,75,17,40,0,26,0,12
682,2020-04-01 2020-04-08,Maine,23,61,49,56,0,0,0,0
683,2020-04-01 2020-04-08,Maryland,70,67,65,16,0,35,0,36
684,2020-04-01 2020-04-08,Massachusetts,23,50,12,22,0,20,0,19
685,2020-04-01 2020-04-08,Michigan,57,80,30,38,100,73,0,29
686,2020-04-01 2020-04-08,Minnesota,22,35,16,18,0,8,0,11
687,2020-04-01 2020-04-08,Mississippi,57,91,31,0,0,70,0,22
688,2020-04-01 2020-04-08,Missouri,40,65,61,13,0,16,0,27
689,2020-04-01 2020-04-08,Montana,48,32,69,0,0,51,0,0
690,2020-04-01 2020-04-08,Nebraska,78,21,0,76,0,0,0,24
691,2020-04-01 2020-04-08,Nevada,68,78,63,24,0,32,0,45
692,2020-04-01 2020-04-08,New Hampshire,20,20,0,100,0,0,0,0
693,2020-04-01 2020-04-08,New Jersey,37,69,18,13,0,29,0,25
694,2020-04-01 2020-04-08,New Mexico,48,60,53,0,0,0,0,50
695,2020-04-01 2020-04-08,New York,57,74,40,21,39,16,0,15
696,2020-04-01 2020-04-08,North Carolina,62,55,29,7,0,39,0,29
697,2020-04-01 2020-04-08,North Dakota,41,41,0,0,0,0,0,0
698,2020-04-01 2020-04-08,Ohio,35,53,41,12,0,23,0,22
699,2020-04-01 2020-04-08,Oklahoma,32,46,20,67,0,15,0,21
700,2020-04-01 2020-04-08,Oregon,41,44,30,34,0,0,0,26
701,2020-04-01 2020-04-08,Pennsylvania,45,66,29,25,0,24,0,22
702,2020-04-01 2020-04-08,Rhode Island,60,81,0,0,0,0,0,37
703,2020-04-01 2020-04-08,South Carolina,88,66,50,48,0,21,0,45
704,2020-04-01 2020-04-08,South Dakota,40,82,0,0,0,0,0,63
705,2020-04-01 2020-04-08,Tennessee,76,68,35,17,0,19,0,21
706,2020-04-01 2020-04-08,Texas,48,64,38,21,31,37,0,22
707,2020-04-01 2020-04-08,Utah,45,36,59,0,0,15,0,28
708,2020-04-01 2020-04-08,Vermont,48,32,0,0,0,0,0,0
709,2020-04-01 2020-04-08,Virginia,43,64,17,8,0,20,0,17
710,2020-04-01 2020-04-08,Washington,28,57,24,18,0,9,0,12
711,2020-04-01 2020-04-08,West Virginia,22,53,49,55,0,0,0,0
712,2020-04-01 2020-04-08,Wisconsin,40,52,11,12,0,12,0,23
713,2020-04-01 2020-04-08,Wyoming,92,0,0,0,0,0,0,95
714,2020-04-08 2020-04-15,Alabama,31,44,11,30,0,64,0,27
715,2020-04-08 2020-04-15,Alaska,56,0,0,0,0,0,0,100
716,2020-04-08 2020-04-15,Arizona,41,60,6,18,0,21,0,27
717,2020-04-08 2020-04-15,Arkansas,54,38,0,54,0,38,0,60
718,2020-04-08 2020-04-15,California,57,58,11,19,84,50,0,29
719,2020-04-08 2020-04-15,Colorado,43,61,14,41,0,19,0,27
720,2020-04-08 2020-04-15,Connecticut,34,35,11,30,0,21,0,14
721,2020-04-08 2020-04-15,Delaware,83,95,0,0,0,0,0,30
722,2020-04-08 2020-04-15,District of Columbia,68,39,48,0,0,63,0,0
723,2020-04-08 2020-04-15,Florida,40,41,9,17,26,30,0,23
724,2020-04-08 2020-04-15,Georgia,38,48,10,11,0,48,0,28
725,2020-04-08 2020-04-15,Hawaii,100,100,0,100,0,0,0,67
726,2020-04-08 2020-04-15,Idaho,82,47,29,0,0,0,0,37
727,2020-04-08 2020-04-15,Illinois,39,50,8,18,42,19,0,24
728,2020-04-08 2020-04-15,Indiana,47,54,7,42,0,20,0,21
729,2020-04-08 2020-04-15,Iowa,54,34,0,0,0,44,0,38
730,2020-04-08 2020-04-15,Kansas,13,36,18,50,0,0,0,11
731,2020-04-08 2020-04-15,Kentucky,60,41,0,32,0,15,0,18
732,2020-04-08 2020-04-15,Louisiana,52,49,24,34,0,48,0,35
733,2020-04-08 2020-04-15,Maine,37,56,0,0,0,0,0,22
734,2020-04-08 2020-04-15,Maryland,34,76,32,37,0,30,0,16
735,2020-04-08 2020-04-15,Massachusetts,39,47,11,15,0,14,0,31
736,2020-04-08 2020-04-15,Michigan,34,62,13,43,0,46,0,18
737,2020-04-08 2020-04-15,Minnesota,35,27,0,32,0,25,0,14
738,2020-04-08 2020-04-15,Mississippi,54,53,22,0,0,29,0,34
739,2020-04-08 2020-04-15,Missouri,46,53,15,0,0,51,0,24
740,2020-04-08 2020-04-15,Montana,36,0,100,0,0,0,0,32
741,2020-04-08 2020-04-15,Nebraska,84,19,0,0,0,94,0,0
742,2020-04-08 2020-04-15,Nevada,32,61,45,85,0,100,0,14
743,2020-04-08 2020-04-15,New Hampshire,54,75,0,87,0,0,0,19
744,2020-04-08 2020-04-15,New Jersey,24,62,4,12,0,39,0,15
745,2020-04-08 2020-04-15,New Mexico,69,59,24,69,0,0,0,54
746,2020-04-08 2020-04-15,New York,54,49,11,13,100,18,0,21
747,2020-04-08 2020-04-15,North Carolina,41,53,16,29,0,33,0,21
748,2020-04-08 2020-04-15,North Dakota,92,0,0,0,0,0,0,41
749,2020-04-08 2020-04-15,Ohio,43,57,6,31,0,29,0,17
750,2020-04-08 2020-04-15,Oklahoma,39,45,14,0,0,37,0,31
751,2020-04-08 2020-04-15,Oregon,42,61,21,0,0,28,0,17
752,2020-04-08 2020-04-15,Pennsylvania,29,50,7,9,0,27,0,18
753,2020-04-08 2020-04-15,Rhode Island,27,0,0,0,0,99,0,24
754,2020-04-08 2020-04-15,South Carolina,43,32,10,28,0,46,0,32
755,2020-04-08 2020-04-15,South Dakota,0,51,63,0,0,0,0,40
756,2020-04-08 2020-04-15,Tennessee,44,34,7,20,0,32,0,16
757,2020-04-08 2020-04-15,Texas,35,44,6,17,0,43,0,27
758,2020-04-08 2020-04-15,Utah,39,22,0,39,0,18,0,13
759,2020-04-08 2020-04-15,Vermont,51,0,0,0,0,0,0,45
760,2020-04-08 2020-04-15,Virginia,48,36,9,13,0,25,0,22
761,2020-04-08 2020-04-15,Washington,25,50,0,0,0,15,0,13
762,2020-04-08 2020-04-15,West Virginia,24,54,0,0,0,0,0,21
763,2020-04-08 2020-04-15,Wisconsin,24,61,8,0,0,25,0,17
764,2020-04-08 2020-04-15,Wyoming,66,77,0,0,0,0,0,59
765,2020-04-15 2020-04-22,Alabama,65,11,15,0,0,0,0,0
766,2020-04-15 2020-04-22,Alaska,0,0,0,0,0,0,0,0
767,2020-04-15 2020-04-22,Arizona,25,37,0,17,0,0,0,0
768,2020-04-15 2020-04-22,Arkansas,29,39,0,52,0,0,0,0
769,2020-04-15 2020-04-22,California,21,39,7,8,71,10,0,17
770,2020-04-15 2020-04-22,Colorado,11,52,20,0,0,29,0,0
771,2020-04-15 2020-04-22,Connecticut,33,11,15,0,0,0,0,0
772,2020-04-15 2020-04-22,Delaware,0,49,66,0,0,0,0,0
773,2020-04-15 2020-04-22,District of Columbia,73,100,0,0,0,0,0,0
774,2020-04-15 2020-04-22,Florida,28,36,6,16,91,4,0,17
775,2020-04-15 2020-04-22,Georgia,18,31,14,11,0,16,0,0
776,2020-04-15 2020-04-22,Hawaii,81,74,100,0,0,71,0,0
777,2020-04-15 2020-04-22,Idaho,45,30,0,0,0,0,0,0
778,2020-04-15 2020-04-22,Illinois,19,31,13,25,0,6,0,26
779,2020-04-15 2020-04-22,Indiana,28,19,10,0,0,15,0,0
780,2020-04-15 2020-04-22,Iowa,25,51,23,0,0,0,0,0
781,2020-04-15 2020-04-22,Kansas,0,37,25,0,0,0,0,0
782,2020-04-15 2020-04-22,Kentucky,0,35,16,0,0,22,0,0
783,2020-04-15 2020-04-22,Louisiana,72,25,0,0,0,0,0,100
784,2020-04-15 2020-04-22,Maine,0,0,0,0,0,0,0,0
785,2020-04-15 2020-04-22,Maryland,44,23,9,0,0,26,0,0
786,2020-04-15 2020-04-22,Massachusetts,21,20,8,15,0,0,0,0
787,2020-04-15 2020-04-22,Michigan,20,43,12,12,100,35,0,0
788,2020-04-15 2020-04-22,Minnesota,0,27,11,0,0,15,0,0
789,2020-04-15 2020-04-22,Mississippi,0,45,30,0,0,43,0,0
790,2020-04-15 2020-04-22,Missouri,12,32,11,21,0,0,0,0
791,2020-04-15 2020-04-22,Montana,76,52,70,0,0,100,0,0
792,2020-04-15 2020-04-22,Nebraska,71,25,0,0,0,0,0,0
793,2020-04-15 2020-04-22,Nevada,34,15,0,0,0,29,0,0
794,2020-04-15 2020-04-22,New Hampshire,0,33,89,0,0,0,0,0
795,2020-04-15 2020-04-22,New Jersey,25,41,6,11,0,13,0,0
796,2020-04-15 2020-04-22,New Mexico,37,0,0,0,0,0,0,0
797,2020-04-15 2020-04-22,New York,38,43,11,10,44,4,0,16
798,2020-04-15 2020-04-22,North Carolina,15,31,6,21,0,16,0,0
799,2020-04-15 2020-04-22,North Dakota,100,0,0,0,0,0,0,0
800,2020-04-15 2020-04-22,Ohio,22,29,5,0,0,7,0,0
801,2020-04-15 2020-04-22,Oklahoma,31,43,19,37,0,0,0,0
802,2020-04-15 2020-04-22,Oregon,32,27,15,0,0,0,0,0
803,2020-04-15 2020-04-22,Pennsylvania,20,27,5,9,0,7,0,0
804,2020-04-15 2020-04-22,Rhode Island,0,58,0,100,0,0,0,0
805,2020-04-15 2020-04-22,South Carolina,30,21,0,27,0,20,0,0
806,2020-04-15 2020-04-22,South Dakota,0,67,0,0,0,0,0,0
807,2020-04-15 2020-04-22,Tennessee,16,40,0,0,0,0,0,0
808,2020-04-15 2020-04-22,Texas,20,25,3,4,0,9,0,12
809,2020-04-15 2020-04-22,Utah,21,56,0,0,0,27,0,0
810,2020-04-15 2020-04-22,Vermont,0,78,0,0,0,0,0,0
811,2020-04-15 2020-04-22,Virginia,14,32,7,13,0,0,0,0
812,2020-04-15 2020-04-22,Washington,9,33,12,0,0,0,0,0
813,2020-04-15 2020-04-22,West Virginia,0,0,0,89,0,0,0,0
814,2020-04-15 2020-04-22,Wisconsin,35,16,0,0,0,15,0,0
815,2020-04-15 2020-04-22,Wyoming,0,0,0,0,0,0,0,0
816,2020-04-22 2020-04-29,Alabama,0,14,0,0,0,0,0,0
817,2020-04-22 2020-04-29,Alaska,0,0,0,0,0,0,0,0
818,2020-04-22 2020-04-29,Arizona,7,17,0,0,0,0,0,0
819,2020-04-22 2020-04-29,Arkansas,19,24,0,100,0,0,0,0
820,2020-04-22 2020-04-29,California,6,17,13,6,0,8,0,0
821,2020-04-22 2020-04-29,Colorado,7,19,30,0,0,0,0,0
822,2020-04-22 2020-04-29,Connecticut,0,0,0,0,0,0,0,0
823,2020-04-22 2020-04-29,Delaware,0,0,0,0,0,0,0,0
824,2020-04-22 2020-04-29,District of Columbia,0,0,0,0,0,94,0,0
825,2020-04-22 2020-04-29,Florida,8,14,17,0,0,6,0,53
826,2020-04-22 2020-04-29,Georgia,8,5,0,0,0,0,0,0
827,2020-04-22 2020-04-29,Hawaii,0,0,0,0,0,0,0,0
828,2020-04-22 2020-04-29,Idaho,0,38,0,0,0,0,0,0
829,2020-04-22 2020-04-29,Illinois,5,16,13,0,0,9,0,82
830,2020-04-22 2020-04-29,Indiana,8,24,0,0,0,0,0,0
831,2020-04-22 2020-04-29,Iowa,0,21,0,87,0,0,0,0
832,2020-04-22 2020-04-29,Kansas,0,23,0,0,0,0,0,0
833,2020-04-22 2020-04-29,Kentucky,0,15,0,0,0,0,0,0
834,2020-04-22 2020-04-29,Louisiana,0,23,0,0,0,0,0,0
835,2020-04-22 2020-04-29,Maine,0,0,0,0,0,0,0,0
836,2020-04-22 2020-04-29,Maryland,10,12,0,34,0,24,0,0
837,2020-04-22 2020-04-29,Massachusetts,9,18,0,0,0,0,0,0
838,2020-04-22 2020-04-29,Michigan,0,18,38,24,0,9,0,0
839,2020-04-22 2020-04-29,Minnesota,24,25,33,0,0,0,0,0
840,2020-04-22 2020-04-29,Mississippi,0,0,0,0,0,0,0,0
841,2020-04-22 2020-04-29,Missouri,8,30,32,42,0,0,0,0
842,2020-04-22 2020-04-29,Montana,0,0,0,0,0,100,0,0
843,2020-04-22 2020-04-29,Nebraska,24,0,100,0,0,0,0,0
844,2020-04-22 2020-04-29,Nevada,23,39,0,0,0,29,0,0
845,2020-04-22 2020-04-29,New Hampshire,0,41,0,0,0,0,0,0
846,2020-04-22 2020-04-29,New Jersey,9,13,0,0,0,0,0,0
847,2020-04-22 2020-04-29,New Mexico,0,0,0,0,0,0,0,0
848,2020-04-22 2020-04-29,New York,8,21,24,0,0,0,0,0
849,2020-04-22 2020-04-29,North Carolina,10,12,0,0,0,14,0,100
850,2020-04-22 2020-04-29,North Dakota,0,0,0,0,0,0,0,0
851,2020-04-22 2020-04-29,Ohio,5,11,0,0,0,7,0,0
852,2020-04-22 2020-04-29,Oklahoma,15,18,59,0,0,0,0,0
853,2020-04-22 2020-04-29,Oregon,21,27,44,56,0,0,0,0
854,2020-04-22 2020-04-29,Pennsylvania,7,9,0,18,0,0,0,0
855,2020-04-22 2020-04-29,Rhode Island,0,0,0,0,0,0,0,0
856,2020-04-22 2020-04-29,South Carolina,0,19,0,0,0,0,0,0
857,2020-04-22 2020-04-29,South Dakota,0,0,0,0,0,0,0,0
858,2020-04-22 2020-04-29,Tennessee,11,18,0,0,0,0,0,0
859,2020-04-22 2020-04-29,Texas,11,13,6,8,0,3,0,0
860,2020-04-22 2020-04-29,Utah,15,18,0,0,0,27,0,0
861,2020-04-22 2020-04-29,Vermont,0,100,0,0,0,0,0,0
862,2020-04-22 2020-04-29,Virginia,5,12,20,0,0,0,0,0
863,2020-04-22 2020-04-29,Washington,6,14,23,0,0,0,0,0
864,2020-04-22 2020-04-29,West Virginia,0,0,0,0,0,0,0,0
865,2020-04-22 2020-04-29,Wisconsin,0,10,0,41,0,0,0,0
866,2020-04-22 2020-04-29,Wyoming,100,0,0,0,0,0,0,0
