,geoName,week,is coronavirus bioweapon,is coronavirus a bioweapon,was coronavirus a bioweapon,coronavirus bioweapon,covid bioweapon
0,Alabama,2020-01-01 2020-01-08,0,0,0,0,0
1,Alaska,2020-01-01 2020-01-08,0,0,0,0,0
2,Arizona,2020-01-01 2020-01-08,0,0,0,0,0
3,Arkansas,2020-01-01 2020-01-08,0,0,0,0,0
4,California,2020-01-01 2020-01-08,0,0,0,0,0
5,Colorado,2020-01-01 2020-01-08,0,0,0,0,0
6,Connecticut,2020-01-01 2020-01-08,0,0,0,0,0
7,Delaware,2020-01-01 2020-01-08,0,0,0,0,0
8,District of Columbia,2020-01-01 2020-01-08,0,0,0,0,0
9,Florida,2020-01-01 2020-01-08,0,0,0,0,0
10,Georgia,2020-01-01 2020-01-08,0,0,0,0,0
11,Hawaii,2020-01-01 2020-01-08,0,0,0,0,0
12,Idaho,2020-01-01 2020-01-08,0,0,0,0,0
13,Illinois,2020-01-01 2020-01-08,0,0,0,0,0
14,Indiana,2020-01-01 2020-01-08,0,0,0,0,0
15,Iowa,2020-01-01 2020-01-08,0,0,0,0,0
16,Kansas,2020-01-01 2020-01-08,0,0,0,0,0
17,Kentucky,2020-01-01 2020-01-08,0,0,0,0,0
18,Louisiana,2020-01-01 2020-01-08,0,0,0,0,0
19,Maine,2020-01-01 2020-01-08,0,0,0,0,0
20,Maryland,2020-01-01 2020-01-08,0,0,0,0,0
21,Massachusetts,2020-01-01 2020-01-08,0,0,0,0,0
22,Michigan,2020-01-01 2020-01-08,0,0,0,0,0
23,Minnesota,2020-01-01 2020-01-08,0,0,0,0,0
24,Mississippi,2020-01-01 2020-01-08,0,0,0,0,0
25,Missouri,2020-01-01 2020-01-08,0,0,0,0,0
26,Montana,2020-01-01 2020-01-08,0,0,0,0,0
27,Nebraska,2020-01-01 2020-01-08,0,0,0,0,0
28,Nevada,2020-01-01 2020-01-08,0,0,0,0,0
29,New Hampshire,2020-01-01 2020-01-08,0,0,0,0,0
30,New Jersey,2020-01-01 2020-01-08,0,0,0,0,0
31,New Mexico,2020-01-01 2020-01-08,0,0,0,0,0
32,New York,2020-01-01 2020-01-08,0,0,0,0,0
33,North Carolina,2020-01-01 2020-01-08,0,0,0,0,0
34,North Dakota,2020-01-01 2020-01-08,0,0,0,0,0
35,Ohio,2020-01-01 2020-01-08,0,0,0,0,0
36,Oklahoma,2020-01-01 2020-01-08,0,0,0,0,0
37,Oregon,2020-01-01 2020-01-08,0,0,0,0,0
38,Pennsylvania,2020-01-01 2020-01-08,0,0,0,0,0
39,Rhode Island,2020-01-01 2020-01-08,0,0,0,0,0
40,South Carolina,2020-01-01 2020-01-08,0,0,0,0,0
41,South Dakota,2020-01-01 2020-01-08,0,0,0,0,0
42,Tennessee,2020-01-01 2020-01-08,0,0,0,0,0
43,Texas,2020-01-01 2020-01-08,0,0,0,0,0
44,Utah,2020-01-01 2020-01-08,0,0,0,0,0
45,Vermont,2020-01-01 2020-01-08,0,0,0,0,0
46,Virginia,2020-01-01 2020-01-08,0,0,0,0,0
47,Washington,2020-01-01 2020-01-08,0,0,0,0,0
48,West Virginia,2020-01-01 2020-01-08,0,0,0,0,0
49,Wisconsin,2020-01-01 2020-01-08,0,0,0,0,0
50,Wyoming,2020-01-01 2020-01-08,0,0,0,0,0
51,Alabama,2020-01-08 2020-01-15,0,0,0,0,0
52,Alaska,2020-01-08 2020-01-15,0,0,0,0,0
53,Arizona,2020-01-08 2020-01-15,0,0,0,0,0
54,Arkansas,2020-01-08 2020-01-15,0,0,0,0,0
55,California,2020-01-08 2020-01-15,0,0,0,0,0
56,Colorado,2020-01-08 2020-01-15,0,0,0,0,0
57,Connecticut,2020-01-08 2020-01-15,0,0,0,0,0
58,Delaware,2020-01-08 2020-01-15,0,0,0,0,0
59,District of Columbia,2020-01-08 2020-01-15,0,0,0,0,0
60,Florida,2020-01-08 2020-01-15,0,0,0,0,0
61,Georgia,2020-01-08 2020-01-15,0,0,0,0,0
62,Hawaii,2020-01-08 2020-01-15,0,0,0,0,0
63,Idaho,2020-01-08 2020-01-15,0,0,0,0,0
64,Illinois,2020-01-08 2020-01-15,0,0,0,0,0
65,Indiana,2020-01-08 2020-01-15,0,0,0,0,0
66,Iowa,2020-01-08 2020-01-15,0,0,0,0,0
67,Kansas,2020-01-08 2020-01-15,0,0,0,0,0
68,Kentucky,2020-01-08 2020-01-15,0,0,0,0,0
69,Louisiana,2020-01-08 2020-01-15,0,0,0,0,0
70,Maine,2020-01-08 2020-01-15,0,0,0,0,0
71,Maryland,2020-01-08 2020-01-15,0,0,0,0,0
72,Massachusetts,2020-01-08 2020-01-15,0,0,0,0,0
73,Michigan,2020-01-08 2020-01-15,0,0,0,0,0
74,Minnesota,2020-01-08 2020-01-15,0,0,0,0,0
75,Mississippi,2020-01-08 2020-01-15,0,0,0,0,0
76,Missouri,2020-01-08 2020-01-15,0,0,0,0,0
77,Montana,2020-01-08 2020-01-15,0,0,0,0,0
78,Nebraska,2020-01-08 2020-01-15,0,0,0,0,0
79,Nevada,2020-01-08 2020-01-15,0,0,0,0,0
80,New Hampshire,2020-01-08 2020-01-15,0,0,0,0,0
81,New Jersey,2020-01-08 2020-01-15,0,0,0,0,0
82,New Mexico,2020-01-08 2020-01-15,0,0,0,0,0
83,New York,2020-01-08 2020-01-15,0,0,0,0,0
84,North Carolina,2020-01-08 2020-01-15,0,0,0,0,0
85,North Dakota,2020-01-08 2020-01-15,0,0,0,0,0
86,Ohio,2020-01-08 2020-01-15,0,0,0,0,0
87,Oklahoma,2020-01-08 2020-01-15,0,0,0,0,0
88,Oregon,2020-01-08 2020-01-15,0,0,0,0,0
89,Pennsylvania,2020-01-08 2020-01-15,0,0,0,0,0
90,Rhode Island,2020-01-08 2020-01-15,0,0,0,0,0
91,South Carolina,2020-01-08 2020-01-15,0,0,0,0,0
92,South Dakota,2020-01-08 2020-01-15,0,0,0,0,0
93,Tennessee,2020-01-08 2020-01-15,0,0,0,0,0
94,Texas,2020-01-08 2020-01-15,0,0,0,0,0
95,Utah,2020-01-08 2020-01-15,0,0,0,0,0
96,Vermont,2020-01-08 2020-01-15,0,0,0,0,0
97,Virginia,2020-01-08 2020-01-15,0,0,0,0,0
98,Washington,2020-01-08 2020-01-15,0,0,0,0,0
99,West Virginia,2020-01-08 2020-01-15,0,0,0,0,0
100,Wisconsin,2020-01-08 2020-01-15,0,0,0,0,0
101,Wyoming,2020-01-08 2020-01-15,0,0,0,0,0
102,Alabama,2020-01-15 2020-01-22,0,0,0,0,0
103,Alaska,2020-01-15 2020-01-22,0,0,0,0,0
104,Arizona,2020-01-15 2020-01-22,0,0,0,0,0
105,Arkansas,2020-01-15 2020-01-22,0,0,0,0,0
106,California,2020-01-15 2020-01-22,0,0,0,0,0
107,Colorado,2020-01-15 2020-01-22,0,0,0,0,0
108,Connecticut,2020-01-15 2020-01-22,0,0,0,0,0
109,Delaware,2020-01-15 2020-01-22,0,0,0,0,0
110,District of Columbia,2020-01-15 2020-01-22,0,0,0,0,0
111,Florida,2020-01-15 2020-01-22,0,0,0,0,0
112,Georgia,2020-01-15 2020-01-22,0,0,0,0,0
113,Hawaii,2020-01-15 2020-01-22,0,0,0,0,0
114,Idaho,2020-01-15 2020-01-22,0,0,0,0,0
115,Illinois,2020-01-15 2020-01-22,0,0,0,0,0
116,Indiana,2020-01-15 2020-01-22,0,0,0,0,0
117,Iowa,2020-01-15 2020-01-22,0,0,0,0,0
118,Kansas,2020-01-15 2020-01-22,0,0,0,0,0
119,Kentucky,2020-01-15 2020-01-22,0,0,0,0,0
120,Louisiana,2020-01-15 2020-01-22,0,0,0,0,0
121,Maine,2020-01-15 2020-01-22,0,0,0,0,0
122,Maryland,2020-01-15 2020-01-22,0,0,0,0,0
123,Massachusetts,2020-01-15 2020-01-22,0,0,0,0,0
124,Michigan,2020-01-15 2020-01-22,0,0,0,0,0
125,Minnesota,2020-01-15 2020-01-22,0,0,0,0,0
126,Mississippi,2020-01-15 2020-01-22,0,0,0,0,0
127,Missouri,2020-01-15 2020-01-22,0,0,0,0,0
128,Montana,2020-01-15 2020-01-22,0,0,0,0,0
129,Nebraska,2020-01-15 2020-01-22,0,0,0,0,0
130,Nevada,2020-01-15 2020-01-22,0,0,0,0,0
131,New Hampshire,2020-01-15 2020-01-22,0,0,0,0,0
132,New Jersey,2020-01-15 2020-01-22,0,0,0,0,0
133,New Mexico,2020-01-15 2020-01-22,0,0,0,0,0
134,New York,2020-01-15 2020-01-22,0,0,0,0,0
135,North Carolina,2020-01-15 2020-01-22,0,0,0,0,0
136,North Dakota,2020-01-15 2020-01-22,0,0,0,0,0
137,Ohio,2020-01-15 2020-01-22,0,0,0,0,0
138,Oklahoma,2020-01-15 2020-01-22,0,0,0,0,0
139,Oregon,2020-01-15 2020-01-22,0,0,0,0,0
140,Pennsylvania,2020-01-15 2020-01-22,0,0,0,0,0
141,Rhode Island,2020-01-15 2020-01-22,0,0,0,0,0
142,South Carolina,2020-01-15 2020-01-22,0,0,0,0,0
143,South Dakota,2020-01-15 2020-01-22,0,0,0,0,0
144,Tennessee,2020-01-15 2020-01-22,0,0,0,0,0
145,Texas,2020-01-15 2020-01-22,0,0,0,0,0
146,Utah,2020-01-15 2020-01-22,0,0,0,0,0
147,Vermont,2020-01-15 2020-01-22,0,0,0,0,0
148,Virginia,2020-01-15 2020-01-22,0,0,0,0,0
149,Washington,2020-01-15 2020-01-22,0,0,0,0,0
150,West Virginia,2020-01-15 2020-01-22,0,0,0,0,0
151,Wisconsin,2020-01-15 2020-01-22,0,0,0,0,0
152,Wyoming,2020-01-15 2020-01-22,0,0,0,0,0
153,Alabama,2020-01-22 2020-01-29,0,0,0,0,0
154,Alaska,2020-01-22 2020-01-29,0,0,0,0,0
155,Arizona,2020-01-22 2020-01-29,0,0,0,37,0
156,Arkansas,2020-01-22 2020-01-29,0,0,0,0,0
157,California,2020-01-22 2020-01-29,9,13,0,12,0
158,Colorado,2020-01-22 2020-01-29,0,0,0,21,0
159,Connecticut,2020-01-22 2020-01-29,0,0,0,65,0
160,Delaware,2020-01-22 2020-01-29,0,0,0,0,0
161,District of Columbia,2020-01-22 2020-01-29,0,0,0,100,0
162,Florida,2020-01-22 2020-01-29,17,24,0,6,0
163,Georgia,2020-01-22 2020-01-29,0,0,0,21,0
164,Hawaii,2020-01-22 2020-01-29,0,0,0,0,0
165,Idaho,2020-01-22 2020-01-29,0,0,0,0,0
166,Illinois,2020-01-22 2020-01-29,53,39,0,22,0
167,Indiana,2020-01-22 2020-01-29,0,0,0,21,0
168,Iowa,2020-01-22 2020-01-29,0,0,0,0,0
169,Kansas,2020-01-22 2020-01-29,0,0,0,0,0
170,Kentucky,2020-01-22 2020-01-29,0,0,0,32,0
171,Louisiana,2020-01-22 2020-01-29,100,0,0,33,0
172,Maine,2020-01-22 2020-01-29,0,0,0,0,0
173,Maryland,2020-01-22 2020-01-29,0,0,0,39,0
174,Massachusetts,2020-01-22 2020-01-29,0,0,0,16,0
175,Michigan,2020-01-22 2020-01-29,0,0,0,20,0
176,Minnesota,2020-01-22 2020-01-29,0,0,0,23,0
177,Mississippi,2020-01-22 2020-01-29,0,0,0,0,0
178,Missouri,2020-01-22 2020-01-29,0,0,0,0,0
179,Montana,2020-01-22 2020-01-29,0,0,0,0,0
180,Nebraska,2020-01-22 2020-01-29,0,0,0,65,0
181,Nevada,2020-01-22 2020-01-29,0,0,0,41,0
182,New Hampshire,2020-01-22 2020-01-29,0,0,0,0,0
183,New Jersey,2020-01-22 2020-01-29,0,0,0,26,0
184,New Mexico,2020-01-22 2020-01-29,0,0,0,69,0
185,New York,2020-01-22 2020-01-29,16,0,0,22,0
186,North Carolina,2020-01-22 2020-01-29,69,100,0,17,0
187,North Dakota,2020-01-22 2020-01-29,0,0,0,0,0
188,Ohio,2020-01-22 2020-01-29,0,0,0,21,0
189,Oklahoma,2020-01-22 2020-01-29,0,0,0,40,0
190,Oregon,2020-01-22 2020-01-29,91,0,0,0,0
191,Pennsylvania,2020-01-22 2020-01-29,0,0,0,19,0
192,Rhode Island,2020-01-22 2020-01-29,0,0,0,0,0
193,South Carolina,2020-01-22 2020-01-29,0,0,0,0,0
194,South Dakota,2020-01-22 2020-01-29,0,0,0,0,0
195,Tennessee,2020-01-22 2020-01-29,0,0,0,39,0
196,Texas,2020-01-22 2020-01-29,12,18,0,8,0
197,Utah,2020-01-22 2020-01-29,0,0,0,0,0
198,Vermont,2020-01-22 2020-01-29,0,0,0,0,0
199,Virginia,2020-01-22 2020-01-29,39,0,0,13,0
200,Washington,2020-01-22 2020-01-29,48,72,0,24,0
201,West Virginia,2020-01-22 2020-01-29,0,0,0,0,0
202,Wisconsin,2020-01-22 2020-01-29,0,0,0,45,0
203,Wyoming,2020-01-22 2020-01-29,0,0,0,0,0
204,Alabama,2020-01-29 2020-02-05,71,0,0,24,0
205,Alaska,2020-01-29 2020-02-05,0,0,0,0,0
206,Arizona,2020-01-29 2020-02-05,0,0,0,19,0
207,Arkansas,2020-01-29 2020-02-05,0,0,0,54,0
208,California,2020-01-29 2020-02-05,14,28,0,23,0
209,Colorado,2020-01-29 2020-02-05,0,0,0,21,0
210,Connecticut,2020-01-29 2020-02-05,93,0,0,31,0
211,Delaware,2020-01-29 2020-02-05,0,0,0,0,0
212,District of Columbia,2020-01-29 2020-02-05,0,0,0,100,0
213,Florida,2020-01-29 2020-02-05,17,25,0,14,0
214,Georgia,2020-01-29 2020-02-05,0,0,0,11,0
215,Hawaii,2020-01-29 2020-02-05,0,0,0,0,0
216,Idaho,2020-01-29 2020-02-05,0,0,0,0,0
217,Illinois,2020-01-29 2020-02-05,53,41,0,18,0
218,Indiana,2020-01-29 2020-02-05,0,0,0,43,0
219,Iowa,2020-01-29 2020-02-05,0,0,0,0,0
220,Kansas,2020-01-29 2020-02-05,0,0,0,0,0
221,Kentucky,2020-01-29 2020-02-05,0,0,0,33,0
222,Louisiana,2020-01-29 2020-02-05,100,0,0,0,0
223,Maine,2020-01-29 2020-02-05,0,0,0,0,0
224,Maryland,2020-01-29 2020-02-05,57,87,0,20,0
225,Massachusetts,2020-01-29 2020-02-05,0,73,0,24,0
226,Michigan,2020-01-29 2020-02-05,0,0,0,14,0
227,Minnesota,2020-01-29 2020-02-05,0,0,0,23,0
228,Mississippi,2020-01-29 2020-02-05,0,0,0,61,0
229,Missouri,2020-01-29 2020-02-05,0,100,0,22,0
230,Montana,2020-01-29 2020-02-05,0,0,0,0,0
231,Nebraska,2020-01-29 2020-02-05,0,0,0,0,0
232,Nevada,2020-01-29 2020-02-05,0,0,0,44,0
233,New Hampshire,2020-01-29 2020-02-05,0,0,0,0,0
234,New Jersey,2020-01-29 2020-02-05,38,0,0,19,0
235,New Mexico,2020-01-29 2020-02-05,0,0,0,0,0
236,New York,2020-01-29 2020-02-05,16,25,0,16,0
237,North Carolina,2020-01-29 2020-02-05,35,53,0,35,0
238,North Dakota,2020-01-29 2020-02-05,0,0,0,0,0
239,Ohio,2020-01-29 2020-02-05,0,0,0,10,0
240,Oklahoma,2020-01-29 2020-02-05,0,0,0,41,0
241,Oregon,2020-01-29 2020-02-05,0,0,0,61,0
242,Pennsylvania,2020-01-29 2020-02-05,0,0,0,20,0
243,Rhode Island,2020-01-29 2020-02-05,0,0,0,0,0
244,South Carolina,2020-01-29 2020-02-05,0,0,0,0,0
245,South Dakota,2020-01-29 2020-02-05,0,0,0,0,0
246,Tennessee,2020-01-29 2020-02-05,0,0,0,40,0
247,Texas,2020-01-29 2020-02-05,19,29,0,25,0
248,Utah,2020-01-29 2020-02-05,0,0,0,41,0
249,Vermont,2020-01-29 2020-02-05,0,0,0,0,0
250,Virginia,2020-01-29 2020-02-05,40,61,0,0,0
251,Washington,2020-01-29 2020-02-05,48,0,0,33,0
252,West Virginia,2020-01-29 2020-02-05,0,0,0,0,0
253,Wisconsin,2020-01-29 2020-02-05,68,0,0,23,0
254,Wyoming,2020-01-29 2020-02-05,0,0,0,0,0
255,Alabama,2020-02-05 2020-02-12,0,0,0,0,0
256,Alaska,2020-02-05 2020-02-12,0,0,0,0,0
257,Arizona,2020-02-05 2020-02-12,0,0,0,0,0
258,Arkansas,2020-02-05 2020-02-12,0,0,0,0,0
259,California,2020-02-05 2020-02-12,15,13,0,8,0
260,Colorado,2020-02-05 2020-02-12,0,0,0,18,0
261,Connecticut,2020-02-05 2020-02-12,0,0,0,0,0
262,Delaware,2020-02-05 2020-02-12,0,0,0,0,0
263,District of Columbia,2020-02-05 2020-02-12,0,0,0,0,0
264,Florida,2020-02-05 2020-02-12,0,49,0,5,0
265,Georgia,2020-02-05 2020-02-12,58,0,0,10,0
266,Hawaii,2020-02-05 2020-02-12,0,0,0,0,0
267,Idaho,2020-02-05 2020-02-12,0,0,0,0,0
268,Illinois,2020-02-05 2020-02-12,45,0,0,4,0
269,Indiana,2020-02-05 2020-02-12,0,94,0,0,0
270,Iowa,2020-02-05 2020-02-12,0,0,0,0,0
271,Kansas,2020-02-05 2020-02-12,0,0,0,23,0
272,Kentucky,2020-02-05 2020-02-12,0,0,0,0,0
273,Louisiana,2020-02-05 2020-02-12,0,0,0,0,0
274,Maine,2020-02-05 2020-02-12,0,0,0,0,0
275,Maryland,2020-02-05 2020-02-12,0,0,0,13,0
276,Massachusetts,2020-02-05 2020-02-12,81,0,0,7,0
277,Michigan,2020-02-05 2020-02-12,0,60,0,6,0
278,Minnesota,2020-02-05 2020-02-12,0,0,0,15,0
279,Mississippi,2020-02-05 2020-02-12,0,0,0,27,0
280,Missouri,2020-02-05 2020-02-12,0,0,0,10,0
281,Montana,2020-02-05 2020-02-12,0,0,0,0,0
282,Nebraska,2020-02-05 2020-02-12,0,0,0,0,0
283,Nevada,2020-02-05 2020-02-12,0,0,0,0,0
284,New Hampshire,2020-02-05 2020-02-12,0,0,0,0,0
285,New Jersey,2020-02-05 2020-02-12,0,57,0,12,0
286,New Mexico,2020-02-05 2020-02-12,0,0,0,0,0
287,New York,2020-02-05 2020-02-12,40,0,0,6,0
288,North Carolina,2020-02-05 2020-02-12,0,0,0,10,0
289,North Dakota,2020-02-05 2020-02-12,0,0,0,0,0
290,Ohio,2020-02-05 2020-02-12,0,0,0,9,0
291,Oklahoma,2020-02-05 2020-02-12,0,0,0,18,0
292,Oregon,2020-02-05 2020-02-12,0,0,0,14,0
293,Pennsylvania,2020-02-05 2020-02-12,0,43,0,4,0
294,Rhode Island,2020-02-05 2020-02-12,0,0,0,0,0
295,South Carolina,2020-02-05 2020-02-12,0,0,0,12,0
296,South Dakota,2020-02-05 2020-02-12,0,0,0,0,0
297,Tennessee,2020-02-05 2020-02-12,100,0,0,9,0
298,Texas,2020-02-05 2020-02-12,0,0,0,6,0
299,Utah,2020-02-05 2020-02-12,0,0,0,0,0
300,Vermont,2020-02-05 2020-02-12,0,0,0,100,0
301,Virginia,2020-02-05 2020-02-12,0,0,0,12,0
302,Washington,2020-02-05 2020-02-12,0,0,0,22,0
303,West Virginia,2020-02-05 2020-02-12,0,0,0,0,0
304,Wisconsin,2020-02-05 2020-02-12,0,100,0,0,0
305,Wyoming,2020-02-05 2020-02-12,0,0,0,0,0
306,Alabama,2020-02-12 2020-02-19,0,0,0,0,0
307,Alaska,2020-02-12 2020-02-19,0,0,0,0,0
308,Arizona,2020-02-12 2020-02-19,40,82,0,17,0
309,Arkansas,2020-02-12 2020-02-19,0,0,0,0,0
310,California,2020-02-12 2020-02-19,7,14,0,16,16
311,Colorado,2020-02-12 2020-02-19,0,0,0,20,0
312,Connecticut,2020-02-12 2020-02-19,0,0,0,0,0
313,Delaware,2020-02-12 2020-02-19,0,0,0,0,0
314,District of Columbia,2020-02-12 2020-02-19,0,0,0,100,0
315,Florida,2020-02-12 2020-02-19,0,0,0,5,0
316,Georgia,2020-02-12 2020-02-19,0,0,0,22,0
317,Hawaii,2020-02-12 2020-02-19,0,0,0,95,0
318,Idaho,2020-02-12 2020-02-19,0,0,0,0,0
319,Illinois,2020-02-12 2020-02-19,19,40,0,8,0
320,Indiana,2020-02-12 2020-02-19,0,0,0,20,0
321,Iowa,2020-02-12 2020-02-19,100,0,0,0,0
322,Kansas,2020-02-12 2020-02-19,0,0,0,0,0
323,Kentucky,2020-02-12 2020-02-19,0,0,0,0,0
324,Louisiana,2020-02-12 2020-02-19,0,0,0,0,0
325,Maine,2020-02-12 2020-02-19,0,0,0,0,0
326,Maryland,2020-02-12 2020-02-19,0,0,0,0,0
327,Massachusetts,2020-02-12 2020-02-19,0,0,0,16,0
328,Michigan,2020-02-12 2020-02-19,59,61,0,0,0
329,Minnesota,2020-02-12 2020-02-19,0,0,0,21,0
330,Mississippi,2020-02-12 2020-02-19,0,0,0,0,0
331,Missouri,2020-02-12 2020-02-19,47,0,0,21,0
332,Montana,2020-02-12 2020-02-19,0,0,0,0,0
333,Nebraska,2020-02-12 2020-02-19,0,0,0,62,0
334,Nevada,2020-02-12 2020-02-19,92,0,0,0,0
335,New Hampshire,2020-02-12 2020-02-19,0,0,0,90,0
336,New Jersey,2020-02-12 2020-02-19,0,0,0,0,0
337,New Mexico,2020-02-12 2020-02-19,0,0,0,0,0
338,New York,2020-02-12 2020-02-19,11,23,0,20,0
339,North Carolina,2020-02-12 2020-02-19,0,50,0,11,0
340,North Dakota,2020-02-12 2020-02-19,0,0,0,0,0
341,Ohio,2020-02-12 2020-02-19,22,0,0,19,0
342,Oklahoma,2020-02-12 2020-02-19,0,0,0,0,0
343,Oregon,2020-02-12 2020-02-19,0,0,0,0,0
344,Pennsylvania,2020-02-12 2020-02-19,0,0,0,0,0
345,Rhode Island,2020-02-12 2020-02-19,0,0,0,0,0
346,South Carolina,2020-02-12 2020-02-19,0,0,0,26,0
347,South Dakota,2020-02-12 2020-02-19,0,0,0,0,0
348,Tennessee,2020-02-12 2020-02-19,0,0,0,18,100
349,Texas,2020-02-12 2020-02-19,9,0,0,8,0
350,Utah,2020-02-12 2020-02-19,89,0,0,58,0
351,Vermont,2020-02-12 2020-02-19,0,0,0,0,0
352,Virginia,2020-02-12 2020-02-19,0,0,0,13,0
353,Washington,2020-02-12 2020-02-19,0,0,0,16,86
354,West Virginia,2020-02-12 2020-02-19,0,0,0,0,0
355,Wisconsin,2020-02-12 2020-02-19,0,100,0,21,0
356,Wyoming,2020-02-12 2020-02-19,0,0,0,0,0
357,Alabama,2020-02-19 2020-02-26,0,0,0,0,0
358,Alaska,2020-02-19 2020-02-26,0,0,0,0,0
359,Arizona,2020-02-19 2020-02-26,0,0,0,12,0
360,Arkansas,2020-02-19 2020-02-26,0,0,0,0,0
361,California,2020-02-19 2020-02-26,10,13,0,8,0
362,Colorado,2020-02-19 2020-02-26,0,0,0,27,65
363,Connecticut,2020-02-19 2020-02-26,0,0,0,42,0
364,Delaware,2020-02-19 2020-02-26,0,0,0,0,0
365,District of Columbia,2020-02-19 2020-02-26,0,0,0,65,0
366,Florida,2020-02-19 2020-02-26,17,24,0,5,17
367,Georgia,2020-02-19 2020-02-26,37,0,0,15,0
368,Hawaii,2020-02-19 2020-02-26,0,0,0,64,0
369,Idaho,2020-02-19 2020-02-26,0,0,0,58,0
370,Illinois,2020-02-19 2020-02-26,56,39,0,11,0
371,Indiana,2020-02-19 2020-02-26,0,0,0,14,0
372,Iowa,2020-02-19 2020-02-26,0,0,0,30,0
373,Kansas,2020-02-19 2020-02-26,0,0,0,0,0
374,Kentucky,2020-02-19 2020-02-26,0,0,0,0,0
375,Louisiana,2020-02-19 2020-02-26,0,0,0,0,0
376,Maine,2020-02-19 2020-02-26,0,0,0,0,0
377,Maryland,2020-02-19 2020-02-26,59,0,0,12,0
378,Massachusetts,2020-02-19 2020-02-26,52,72,0,21,52
379,Michigan,2020-02-19 2020-02-26,0,0,0,18,0
380,Minnesota,2020-02-19 2020-02-26,0,100,0,0,0
381,Mississippi,2020-02-19 2020-02-26,0,0,0,0,0
382,Missouri,2020-02-19 2020-02-26,0,0,0,14,0
383,Montana,2020-02-19 2020-02-26,0,0,0,100,0
384,Nebraska,2020-02-19 2020-02-26,0,0,0,43,0
385,Nevada,2020-02-19 2020-02-26,0,0,0,27,0
386,New Hampshire,2020-02-19 2020-02-26,0,0,0,0,0
387,New Jersey,2020-02-19 2020-02-26,41,0,0,17,41
388,New Mexico,2020-02-19 2020-02-26,0,0,0,0,0
389,New York,2020-02-19 2020-02-26,17,0,0,17,17
390,North Carolina,2020-02-19 2020-02-26,34,0,0,14,0
391,North Dakota,2020-02-19 2020-02-26,0,0,0,0,0
392,Ohio,2020-02-19 2020-02-26,0,0,0,0,0
393,Oklahoma,2020-02-19 2020-02-26,0,0,0,0,0
394,Oregon,2020-02-19 2020-02-26,100,0,0,20,100
395,Pennsylvania,2020-02-19 2020-02-26,0,0,0,13,0
396,Rhode Island,2020-02-19 2020-02-26,0,0,0,0,0
397,South Carolina,2020-02-19 2020-02-26,0,0,0,18,0
398,South Dakota,2020-02-19 2020-02-26,0,0,0,0,0
399,Tennessee,2020-02-19 2020-02-26,0,0,0,0,0
400,Texas,2020-02-19 2020-02-26,13,37,0,8,13
401,Utah,2020-02-19 2020-02-26,0,0,0,26,0
402,Vermont,2020-02-19 2020-02-26,0,0,0,0,0
403,Virginia,2020-02-19 2020-02-26,0,0,0,9,0
404,Washington,2020-02-19 2020-02-26,0,0,0,11,0
405,West Virginia,2020-02-19 2020-02-26,0,0,0,0,0
406,Wisconsin,2020-02-19 2020-02-26,0,100,0,44,0
407,Wyoming,2020-02-19 2020-02-26,0,0,0,0,0
408,Alabama,2020-02-26 2020-03-04,0,0,0,0,0
409,Alaska,2020-02-26 2020-03-04,0,0,0,0,0
410,Arizona,2020-02-26 2020-03-04,0,0,0,8,0
411,Arkansas,2020-02-26 2020-03-04,0,0,0,0,0
412,California,2020-02-26 2020-03-04,4,8,0,7,9
413,Colorado,2020-02-26 2020-03-04,0,0,0,9,0
414,Connecticut,2020-02-26 2020-03-04,0,0,0,28,0
415,Delaware,2020-02-26 2020-03-04,0,0,0,0,0
416,District of Columbia,2020-02-26 2020-03-04,0,0,0,0,0
417,Florida,2020-02-26 2020-03-04,8,14,0,2,0
418,Georgia,2020-02-26 2020-03-04,0,0,0,13,0
419,Hawaii,2020-02-26 2020-03-04,0,0,0,0,0
420,Idaho,2020-02-26 2020-03-04,0,0,0,39,0
421,Illinois,2020-02-26 2020-03-04,13,46,0,10,0
422,Indiana,2020-02-26 2020-03-04,0,0,0,9,0
423,Iowa,2020-02-26 2020-03-04,0,0,0,0,0
424,Kansas,2020-02-26 2020-03-04,0,0,0,23,0
425,Kentucky,2020-02-26 2020-03-04,0,0,0,0,0
426,Louisiana,2020-02-26 2020-03-04,0,0,0,0,0
427,Maine,2020-02-26 2020-03-04,0,0,0,0,0
428,Maryland,2020-02-26 2020-03-04,0,0,0,8,0
429,Massachusetts,2020-02-26 2020-03-04,0,0,0,7,100
430,Michigan,2020-02-26 2020-03-04,0,0,0,6,0
431,Minnesota,2020-02-26 2020-03-04,0,0,0,0,0
432,Mississippi,2020-02-26 2020-03-04,0,0,0,0,0
433,Missouri,2020-02-26 2020-03-04,0,58,0,0,70
434,Montana,2020-02-26 2020-03-04,0,0,0,0,0
435,Nebraska,2020-02-26 2020-03-04,0,0,0,0,0
436,Nevada,2020-02-26 2020-03-04,0,0,0,0,0
437,New Hampshire,2020-02-26 2020-03-04,0,0,0,0,0
438,New Jersey,2020-02-26 2020-03-04,19,100,0,12,0
439,New Mexico,2020-02-26 2020-03-04,100,0,0,31,0
440,New York,2020-02-26 2020-03-04,7,0,0,2,33
441,North Carolina,2020-02-26 2020-03-04,16,0,0,10,0
442,North Dakota,2020-02-26 2020-03-04,0,0,0,0,0
443,Ohio,2020-02-26 2020-03-04,15,0,0,4,0
444,Oklahoma,2020-02-26 2020-03-04,56,0,0,0,0
445,Oregon,2020-02-26 2020-03-04,0,0,0,0,0
446,Pennsylvania,2020-02-26 2020-03-04,0,51,0,20,31
447,Rhode Island,2020-02-26 2020-03-04,0,0,0,0,0
448,South Carolina,2020-02-26 2020-03-04,40,0,0,37,0
449,South Dakota,2020-02-26 2020-03-04,0,0,0,0,0
450,Tennessee,2020-02-26 2020-03-04,0,0,0,0,0
451,Texas,2020-02-26 2020-03-04,18,11,0,3,0
452,Utah,2020-02-26 2020-03-04,0,0,0,35,0
453,Vermont,2020-02-26 2020-03-04,0,0,0,100,0
454,Virginia,2020-02-26 2020-03-04,20,0,0,6,86
455,Washington,2020-02-26 2020-03-04,23,62,0,14,50
456,West Virginia,2020-02-26 2020-03-04,0,0,0,43,0
457,Wisconsin,2020-02-26 2020-03-04,0,58,0,20,0
458,Wyoming,2020-02-26 2020-03-04,0,0,0,0,0
459,Alabama,2020-03-04 2020-03-11,100,0,0,0,0
460,Alaska,2020-03-04 2020-03-11,0,0,0,0,0
461,Arizona,2020-03-04 2020-03-11,0,81,0,13,0
462,Arkansas,2020-03-04 2020-03-11,0,0,0,0,0
463,California,2020-03-04 2020-03-11,19,0,0,15,11
464,Colorado,2020-03-04 2020-03-11,0,91,0,10,0
465,Connecticut,2020-03-04 2020-03-11,0,0,0,15,0
466,Delaware,2020-03-04 2020-03-11,0,0,0,0,0
467,District of Columbia,2020-03-04 2020-03-11,0,0,0,0,0
468,Florida,2020-03-04 2020-03-11,18,24,0,9,11
469,Georgia,2020-03-04 2020-03-11,34,47,0,10,20
470,Hawaii,2020-03-04 2020-03-11,0,0,0,90,0
471,Idaho,2020-03-04 2020-03-11,0,0,0,39,0
472,Illinois,2020-03-04 2020-03-11,29,39,0,12,17
473,Indiana,2020-03-04 2020-03-11,0,0,0,0,0
474,Iowa,2020-03-04 2020-03-11,0,0,0,0,0
475,Kansas,2020-03-04 2020-03-11,0,0,0,0,100
476,Kentucky,2020-03-04 2020-03-11,0,0,0,15,0
477,Louisiana,2020-03-04 2020-03-11,0,0,0,0,64
478,Maine,2020-03-04 2020-03-11,0,0,0,100,0
479,Maryland,2020-03-04 2020-03-11,0,0,0,17,36
480,Massachusetts,2020-03-04 2020-03-11,52,0,0,15,0
481,Michigan,2020-03-04 2020-03-11,0,0,0,6,26
482,Minnesota,2020-03-04 2020-03-11,0,100,0,10,0
483,Mississippi,2020-03-04 2020-03-11,0,0,0,0,0
484,Missouri,2020-03-04 2020-03-11,0,0,0,10,0
485,Montana,2020-03-04 2020-03-11,0,0,0,0,0
486,Nebraska,2020-03-04 2020-03-11,0,0,0,0,0
487,Nevada,2020-03-04 2020-03-11,0,0,0,0,0
488,New Hampshire,2020-03-04 2020-03-11,0,0,0,0,0
489,New Jersey,2020-03-04 2020-03-11,42,0,0,18,25
490,New Mexico,2020-03-04 2020-03-11,0,0,0,0,0
491,New York,2020-03-04 2020-03-11,17,23,0,5,0
492,North Carolina,2020-03-04 2020-03-11,76,0,0,16,22
493,North Dakota,2020-03-04 2020-03-11,0,0,0,0,0
494,Ohio,2020-03-04 2020-03-11,33,0,0,5,0
495,Oklahoma,2020-03-04 2020-03-11,0,0,0,0,0
496,Oregon,2020-03-04 2020-03-11,100,0,0,0,0
497,Pennsylvania,2020-03-04 2020-03-11,0,0,0,5,0
498,Rhode Island,2020-03-04 2020-03-11,0,0,0,0,0
499,South Carolina,2020-03-04 2020-03-11,92,0,0,0,0
500,South Dakota,2020-03-04 2020-03-11,0,0,0,0,0
501,Tennessee,2020-03-04 2020-03-11,64,0,0,9,0
502,Texas,2020-03-04 2020-03-11,35,19,0,6,0
503,Utah,2020-03-04 2020-03-11,0,0,0,18,0
504,Vermont,2020-03-04 2020-03-11,0,0,0,0,0
505,Virginia,2020-03-04 2020-03-11,44,60,0,6,0
506,Washington,2020-03-04 2020-03-11,53,71,0,7,0
507,West Virginia,2020-03-04 2020-03-11,0,0,0,0,0
508,Wisconsin,2020-03-04 2020-03-11,73,0,0,10,0
509,Wyoming,2020-03-04 2020-03-11,0,0,0,0,0
510,Alabama,2020-03-11 2020-03-18,54,0,0,60,52
511,Alaska,2020-03-11 2020-03-18,0,0,0,0,0
512,Arizona,2020-03-11 2020-03-18,32,83,0,35,0
513,Arkansas,2020-03-11 2020-03-18,0,0,0,51,0
514,California,2020-03-11 2020-03-18,23,23,100,46,15
515,Colorado,2020-03-11 2020-03-18,35,90,0,67,34
516,Connecticut,2020-03-11 2020-03-18,0,0,0,0,53
517,Delaware,2020-03-11 2020-03-18,0,0,0,0,0
518,District of Columbia,2020-03-11 2020-03-18,0,0,0,0,0
519,Florida,2020-03-11 2020-03-18,29,25,0,29,14
520,Georgia,2020-03-11 2020-03-18,18,47,0,40,18
521,Hawaii,2020-03-11 2020-03-18,0,0,0,93,0
522,Idaho,2020-03-11 2020-03-18,0,0,0,0,0
523,Illinois,2020-03-11 2020-03-18,31,39,0,29,29
524,Indiana,2020-03-11 2020-03-18,0,48,0,21,71
525,Iowa,2020-03-11 2020-03-18,0,0,0,46,0
526,Kansas,2020-03-11 2020-03-18,0,0,0,51,90
527,Kentucky,2020-03-11 2020-03-18,58,0,0,47,0
528,Louisiana,2020-03-11 2020-03-18,0,0,0,0,0
529,Maine,2020-03-11 2020-03-18,0,0,0,100,0
530,Maryland,2020-03-11 2020-03-18,33,85,0,27,31
531,Massachusetts,2020-03-11 2020-03-18,83,36,0,30,0
532,Michigan,2020-03-11 2020-03-18,58,45,0,32,22
533,Minnesota,2020-03-11 2020-03-18,77,100,0,85,74
534,Mississippi,2020-03-11 2020-03-18,0,0,0,0,0
535,Missouri,2020-03-11 2020-03-18,0,0,0,21,75
536,Montana,2020-03-11 2020-03-18,0,0,0,0,0
537,Nebraska,2020-03-11 2020-03-18,0,0,0,0,0
538,Nevada,2020-03-11 2020-03-18,0,0,0,0,0
539,New Hampshire,2020-03-11 2020-03-18,0,0,0,0,0
540,New Jersey,2020-03-11 2020-03-18,43,27,0,35,20
541,New Mexico,2020-03-11 2020-03-18,0,0,0,64,0
542,New York,2020-03-11 2020-03-18,9,35,0,27,22
543,North Carolina,2020-03-11 2020-03-18,21,27,0,57,0
544,North Dakota,2020-03-11 2020-03-18,0,0,0,0,0
545,Ohio,2020-03-11 2020-03-18,35,45,0,49,34
546,Oklahoma,2020-03-11 2020-03-18,72,0,0,40,0
547,Oregon,2020-03-11 2020-03-18,52,0,0,0,100
548,Pennsylvania,2020-03-11 2020-03-18,0,0,0,38,17
549,Rhode Island,2020-03-11 2020-03-18,0,0,0,0,0
550,South Carolina,2020-03-11 2020-03-18,100,0,0,55,48
551,South Dakota,2020-03-11 2020-03-18,0,0,0,0,0
552,Tennessee,2020-03-11 2020-03-18,35,0,0,29,0
553,Texas,2020-03-11 2020-03-18,15,29,0,27,22
554,Utah,2020-03-11 2020-03-18,0,0,0,73,64
555,Vermont,2020-03-11 2020-03-18,0,0,0,0,0
556,Virginia,2020-03-11 2020-03-18,23,0,0,64,0
557,Washington,2020-03-11 2020-03-18,56,36,0,69,27
558,West Virginia,2020-03-11 2020-03-18,0,0,0,95,0
559,Wisconsin,2020-03-11 2020-03-18,39,75,0,43,37
560,Wyoming,2020-03-11 2020-03-18,0,0,0,0,0
561,Alabama,2020-03-18 2020-03-25,0,0,0,30,51
562,Alaska,2020-03-18 2020-03-25,0,0,0,0,0
563,Arizona,2020-03-18 2020-03-25,0,44,0,26,0
564,Arkansas,2020-03-18 2020-03-25,0,0,0,52,0
565,California,2020-03-18 2020-03-25,35,11,0,30,19
566,Colorado,2020-03-18 2020-03-25,72,50,0,20,33
567,Connecticut,2020-03-18 2020-03-25,0,0,0,29,100
568,Delaware,2020-03-18 2020-03-25,0,0,0,0,0
569,District of Columbia,2020-03-18 2020-03-25,0,0,0,0,0
570,Florida,2020-03-18 2020-03-25,27,21,100,33,18
571,Georgia,2020-03-18 2020-03-25,0,51,0,30,17
572,Hawaii,2020-03-18 2020-03-25,0,0,0,94,0
573,Idaho,2020-03-18 2020-03-25,0,0,0,0,0
574,Illinois,2020-03-18 2020-03-25,21,0,0,25,28
575,Indiana,2020-03-18 2020-03-25,0,0,0,41,0
576,Iowa,2020-03-18 2020-03-25,0,0,0,0,0
577,Kansas,2020-03-18 2020-03-25,0,0,0,100,0
578,Kentucky,2020-03-18 2020-03-25,76,0,0,0,0
579,Louisiana,2020-03-18 2020-03-25,0,0,0,32,0
580,Maine,2020-03-18 2020-03-25,0,0,0,96,0
581,Maryland,2020-03-18 2020-03-25,45,0,0,36,0
582,Massachusetts,2020-03-18 2020-03-25,0,0,0,23,26
583,Michigan,2020-03-18 2020-03-25,58,30,0,36,100
584,Minnesota,2020-03-18 2020-03-25,0,53,0,42,0
585,Mississippi,2020-03-18 2020-03-25,0,0,0,0,0
586,Missouri,2020-03-18 2020-03-25,0,0,0,21,0
587,Montana,2020-03-18 2020-03-25,0,0,0,0,0
588,Nebraska,2020-03-18 2020-03-25,0,0,0,64,0
589,Nevada,2020-03-18 2020-03-25,100,0,0,61,0
590,New Hampshire,2020-03-18 2020-03-25,0,0,0,0,0
591,New Jersey,2020-03-18 2020-03-25,97,100,0,50,0
592,New Mexico,2020-03-18 2020-03-25,0,0,0,0,0
593,New York,2020-03-18 2020-03-25,32,40,0,29,22
594,North Carolina,2020-03-18 2020-03-25,0,0,0,28,19
595,North Dakota,2020-03-18 2020-03-25,0,0,0,0,0
596,Ohio,2020-03-18 2020-03-25,49,52,0,10,0
597,Oklahoma,2020-03-18 2020-03-25,0,0,0,0,66
598,Oregon,2020-03-18 2020-03-25,71,0,0,0,0
599,Pennsylvania,2020-03-18 2020-03-25,23,24,0,33,16
600,Rhode Island,2020-03-18 2020-03-25,0,0,0,0,0
601,South Carolina,2020-03-18 2020-03-25,0,0,0,0,0
602,South Dakota,2020-03-18 2020-03-25,0,0,0,0,0
603,Tennessee,2020-03-18 2020-03-25,47,0,0,29,32
604,Texas,2020-03-18 2020-03-25,45,20,0,40,20
605,Utah,2020-03-18 2020-03-25,0,0,0,0,60
606,Vermont,2020-03-18 2020-03-25,0,0,0,0,0
607,Virginia,2020-03-18 2020-03-25,0,32,0,13,42
608,Washington,2020-03-18 2020-03-25,38,40,0,16,0
609,West Virginia,2020-03-18 2020-03-25,0,0,0,90,0
610,Wisconsin,2020-03-18 2020-03-25,0,0,0,42,0
611,Wyoming,2020-03-18 2020-03-25,0,0,0,0,0
612,Alabama,2020-03-25 2020-04-01,53,0,0,15,0
613,Alaska,2020-03-25 2020-04-01,0,0,0,0,0
614,Arizona,2020-03-25 2020-04-01,30,0,0,26,0
615,Arkansas,2020-03-25 2020-04-01,0,0,0,0,0
616,California,2020-03-25 2020-04-01,12,28,100,9,14
617,Colorado,2020-03-25 2020-04-01,0,66,0,40,100
618,Connecticut,2020-03-25 2020-04-01,100,0,0,29,73
619,Delaware,2020-03-25 2020-04-01,0,0,0,0,0
620,District of Columbia,2020-03-25 2020-04-01,0,0,0,0,0
621,Florida,2020-03-25 2020-04-01,9,27,0,5,14
622,Georgia,2020-03-25 2020-04-01,18,0,0,8,0
623,Hawaii,2020-03-25 2020-04-01,0,0,0,0,0
624,Idaho,2020-03-25 2020-04-01,0,0,0,0,0
625,Illinois,2020-03-25 2020-04-01,0,29,0,9,0
626,Indiana,2020-03-25 2020-04-01,0,0,0,10,0
627,Iowa,2020-03-25 2020-04-01,0,0,0,22,0
628,Kansas,2020-03-25 2020-04-01,0,0,0,25,0
629,Kentucky,2020-03-25 2020-04-01,55,0,0,32,0
630,Louisiana,2020-03-25 2020-04-01,0,0,0,17,0
631,Maine,2020-03-25 2020-04-01,0,0,0,47,0
632,Maryland,2020-03-25 2020-04-01,31,0,0,9,45
633,Massachusetts,2020-03-25 2020-04-01,0,100,0,8,0
634,Michigan,2020-03-25 2020-04-01,0,0,0,18,0
635,Minnesota,2020-03-25 2020-04-01,0,0,0,10,0
636,Mississippi,2020-03-25 2020-04-01,0,0,0,30,0
637,Missouri,2020-03-25 2020-04-01,37,0,0,11,0
638,Montana,2020-03-25 2020-04-01,0,0,0,0,0
639,Nebraska,2020-03-25 2020-04-01,0,0,0,0,0
640,Nevada,2020-03-25 2020-04-01,0,0,0,41,0
641,New Hampshire,2020-03-25 2020-04-01,0,0,0,0,0
642,New Jersey,2020-03-25 2020-04-01,19,37,0,17,0
643,New Mexico,2020-03-25 2020-04-01,0,0,0,0,0
644,New York,2020-03-25 2020-04-01,9,27,0,17,27
645,North Carolina,2020-03-25 2020-04-01,19,0,0,6,28
646,North Dakota,2020-03-25 2020-04-01,0,0,0,0,0
647,Ohio,2020-03-25 2020-04-01,36,34,0,8,0
648,Oklahoma,2020-03-25 2020-04-01,0,0,0,20,0
649,Oregon,2020-03-25 2020-04-01,0,0,0,22,0
650,Pennsylvania,2020-03-25 2020-04-01,16,0,0,7,23
651,Rhode Island,2020-03-25 2020-04-01,0,0,0,75,0
652,South Carolina,2020-03-25 2020-04-01,69,0,0,13,0
653,South Dakota,2020-03-25 2020-04-01,0,0,0,0,0
654,Tennessee,2020-03-25 2020-04-01,0,0,0,0,49
655,Texas,2020-03-25 2020-04-01,17,0,0,12,10
656,Utah,2020-03-25 2020-04-01,0,0,0,18,0
657,Vermont,2020-03-25 2020-04-01,0,0,0,100,0
658,Virginia,2020-03-25 2020-04-01,43,0,0,12,32
659,Washington,2020-03-25 2020-04-01,53,51,0,12,58
660,West Virginia,2020-03-25 2020-04-01,0,0,0,0,0
661,Wisconsin,2020-03-25 2020-04-01,37,0,0,21,53
662,Wyoming,2020-03-25 2020-04-01,0,0,0,0,0
663,Alabama,2020-04-01 2020-04-08,0,0,0,31,0
664,Alaska,2020-04-01 2020-04-08,0,0,0,0,0
665,Arizona,2020-04-01 2020-04-08,34,0,0,27,43
666,Arkansas,2020-04-01 2020-04-08,0,0,0,0,0
667,California,2020-04-01 2020-04-08,11,13,100,10,7
668,Colorado,2020-04-01 2020-04-08,0,0,0,20,97
669,Connecticut,2020-04-01 2020-04-08,0,0,0,0,73
670,Delaware,2020-04-01 2020-04-08,0,0,0,0,0
671,District of Columbia,2020-04-01 2020-04-08,0,0,0,0,0
672,Florida,2020-04-01 2020-04-08,16,25,0,28,0
673,Georgia,2020-04-01 2020-04-08,20,99,0,33,27
674,Hawaii,2020-04-01 2020-04-08,0,0,0,0,0
675,Idaho,2020-04-01 2020-04-08,0,0,0,0,0
676,Illinois,2020-04-01 2020-04-08,34,41,0,13,22
677,Indiana,2020-04-01 2020-04-08,0,99,0,22,0
678,Iowa,2020-04-01 2020-04-08,0,0,0,0,0
679,Kansas,2020-04-01 2020-04-08,0,0,0,100,0
680,Kentucky,2020-04-01 2020-04-08,0,0,0,0,0
681,Louisiana,2020-04-01 2020-04-08,0,0,0,35,0
682,Maine,2020-04-01 2020-04-08,0,0,0,0,0
683,Maryland,2020-04-01 2020-04-08,0,0,0,18,44
684,Massachusetts,2020-04-01 2020-04-08,29,70,0,15,0
685,Michigan,2020-04-01 2020-04-08,0,60,0,0,32
686,Minnesota,2020-04-01 2020-04-08,40,0,0,21,0
687,Mississippi,2020-04-01 2020-04-08,0,0,0,0,0
688,Missouri,2020-04-01 2020-04-08,83,100,0,33,53
689,Montana,2020-04-01 2020-04-08,0,0,0,0,0
690,Nebraska,2020-04-01 2020-04-08,0,0,0,100,0
691,Nevada,2020-04-01 2020-04-08,0,0,0,0,100
692,New Hampshire,2020-04-01 2020-04-08,0,0,0,0,0
693,New Jersey,2020-04-01 2020-04-08,0,53,0,18,43
694,New Mexico,2020-04-01 2020-04-08,0,0,0,70,0
695,New York,2020-04-01 2020-04-08,10,24,0,18,19
696,North Carolina,2020-04-01 2020-04-08,0,0,0,12,0
697,North Dakota,2020-04-01 2020-04-08,0,0,0,0,0
698,Ohio,2020-04-01 2020-04-08,0,0,0,20,25
699,Oklahoma,2020-04-01 2020-04-08,0,0,0,0,0
700,Oregon,2020-04-01 2020-04-08,0,0,0,0,72
701,Pennsylvania,2020-04-01 2020-04-08,18,0,0,10,58
702,Rhode Island,2020-04-01 2020-04-08,0,0,0,0,0
703,South Carolina,2020-04-01 2020-04-08,53,0,0,56,0
704,South Dakota,2020-04-01 2020-04-08,0,0,0,0,0
705,Tennessee,2020-04-01 2020-04-08,75,0,0,0,0
706,Texas,2020-04-01 2020-04-08,19,0,0,12,30
707,Utah,2020-04-01 2020-04-08,0,0,0,0,0
708,Vermont,2020-04-01 2020-04-08,0,0,0,0,0
709,Virginia,2020-04-01 2020-04-08,100,60,0,26,32
710,Washington,2020-04-01 2020-04-08,61,0,0,24,0
711,West Virginia,2020-04-01 2020-04-08,0,0,0,0,0
712,Wisconsin,2020-04-01 2020-04-08,0,0,0,22,53
713,Wyoming,2020-04-01 2020-04-08,0,0,0,0,0
714,Alabama,2020-04-08 2020-04-15,0,0,0,29,0
715,Alaska,2020-04-08 2020-04-15,0,0,0,0,0
716,Arizona,2020-04-08 2020-04-15,0,0,0,0,63
717,Arkansas,2020-04-08 2020-04-15,0,0,0,0,0
718,California,2020-04-08 2020-04-15,10,0,0,15,5
719,Colorado,2020-04-08 2020-04-15,0,0,0,38,0
720,Connecticut,2020-04-08 2020-04-15,0,0,0,29,53
721,Delaware,2020-04-08 2020-04-15,0,0,0,0,0
722,District of Columbia,2020-04-08 2020-04-15,0,0,0,0,0
723,Florida,2020-04-08 2020-04-15,20,36,0,11,20
724,Georgia,2020-04-08 2020-04-15,0,0,0,21,0
725,Hawaii,2020-04-08 2020-04-15,0,0,0,95,0
726,Idaho,2020-04-08 2020-04-15,0,0,0,0,0
727,Illinois,2020-04-08 2020-04-15,0,0,0,8,16
728,Indiana,2020-04-08 2020-04-15,0,0,0,0,37
729,Iowa,2020-04-08 2020-04-15,0,0,0,0,0
730,Kansas,2020-04-08 2020-04-15,0,0,0,0,0
731,Kentucky,2020-04-08 2020-04-15,0,0,0,0,0
732,Louisiana,2020-04-08 2020-04-15,0,0,0,0,0
733,Maine,2020-04-08 2020-04-15,0,0,0,0,0
734,Maryland,2020-04-08 2020-04-15,64,0,0,17,0
735,Massachusetts,2020-04-08 2020-04-15,0,100,0,22,0
736,Michigan,2020-04-08 2020-04-15,44,0,0,12,22
737,Minnesota,2020-04-08 2020-04-15,0,0,0,0,0
738,Mississippi,2020-04-08 2020-04-15,0,0,0,59,0
739,Missouri,2020-04-08 2020-04-15,76,0,0,21,0
740,Montana,2020-04-08 2020-04-15,0,0,0,0,0
741,Nebraska,2020-04-08 2020-04-15,0,0,0,0,0
742,Nevada,2020-04-08 2020-04-15,0,0,0,0,0
743,New Hampshire,2020-04-08 2020-04-15,0,0,0,0,0
744,New Jersey,2020-04-08 2020-04-15,0,0,0,11,0
745,New Mexico,2020-04-08 2020-04-15,0,0,0,0,0
746,New York,2020-04-08 2020-04-15,0,35,0,10,10
747,North Carolina,2020-04-08 2020-04-15,0,0,0,22,0
748,North Dakota,2020-04-08 2020-04-15,0,0,0,0,0
749,Ohio,2020-04-08 2020-04-15,0,0,0,10,18
750,Oklahoma,2020-04-08 2020-04-15,0,0,0,37,0
751,Oregon,2020-04-08 2020-04-15,0,0,0,58,53
752,Pennsylvania,2020-04-08 2020-04-15,0,0,0,18,17
753,Rhode Island,2020-04-08 2020-04-15,0,0,0,100,0
754,South Carolina,2020-04-08 2020-04-15,100,0,0,27,100
755,South Dakota,2020-04-08 2020-04-15,0,0,0,0,0
756,Tennessee,2020-04-08 2020-04-15,0,0,0,0,0
757,Texas,2020-04-08 2020-04-15,0,0,0,10,11
758,Utah,2020-04-08 2020-04-15,0,0,0,38,69
759,Vermont,2020-04-08 2020-04-15,0,0,0,0,0
760,Virginia,2020-04-08 2020-04-15,47,0,0,38,23
761,Washington,2020-04-08 2020-04-15,58,0,0,23,57
762,West Virginia,2020-04-08 2020-04-15,0,0,0,0,0
763,Wisconsin,2020-04-08 2020-04-15,0,0,0,20,0
764,Wyoming,2020-04-08 2020-04-15,0,0,0,0,0
765,Alabama,2020-04-15 2020-04-22,0,0,0,0,0
766,Alaska,2020-04-15 2020-04-22,0,0,0,0,0
767,Arizona,2020-04-15 2020-04-22,0,0,0,0,0
768,Arkansas,2020-04-15 2020-04-22,0,0,0,0,0
769,California,2020-04-15 2020-04-22,0,27,0,11,9
770,Colorado,2020-04-15 2020-04-22,0,0,0,19,0
771,Connecticut,2020-04-15 2020-04-22,0,0,0,0,0
772,Delaware,2020-04-15 2020-04-22,0,0,0,0,0
773,District of Columbia,2020-04-15 2020-04-22,0,0,0,0,0
774,Florida,2020-04-15 2020-04-22,0,0,0,5,17
775,Georgia,2020-04-15 2020-04-22,0,0,0,10,0
776,Hawaii,2020-04-15 2020-04-22,0,0,0,0,0
777,Idaho,2020-04-15 2020-04-22,0,0,0,77,0
778,Illinois,2020-04-15 2020-04-22,0,0,0,0,55
779,Indiana,2020-04-15 2020-04-22,65,0,0,0,65
780,Iowa,2020-04-15 2020-04-22,0,0,0,0,0
781,Kansas,2020-04-15 2020-04-22,0,0,0,0,0
782,Kentucky,2020-04-15 2020-04-22,0,0,0,0,98
783,Louisiana,2020-04-15 2020-04-22,0,0,0,0,0
784,Maine,2020-04-15 2020-04-22,0,0,0,0,0
785,Maryland,2020-04-15 2020-04-22,0,0,0,17,0
786,Massachusetts,2020-04-15 2020-04-22,0,96,0,44,0
787,Michigan,2020-04-15 2020-04-22,0,0,0,0,0
788,Minnesota,2020-04-15 2020-04-22,0,0,0,20,0
789,Mississippi,2020-04-15 2020-04-22,0,0,0,0,0
790,Missouri,2020-04-15 2020-04-22,0,0,0,0,0
791,Montana,2020-04-15 2020-04-22,0,0,0,0,0
792,Nebraska,2020-04-15 2020-04-22,0,0,0,0,0
793,Nevada,2020-04-15 2020-04-22,0,0,0,0,0
794,New Hampshire,2020-04-15 2020-04-22,0,0,0,0,0
795,New Jersey,2020-04-15 2020-04-22,36,0,0,11,0
796,New Mexico,2020-04-15 2020-04-22,0,0,0,0,0
797,New York,2020-04-15 2020-04-22,33,33,0,13,17
798,North Carolina,2020-04-15 2020-04-22,0,0,0,11,0
799,North Dakota,2020-04-15 2020-04-22,0,0,0,0,0
800,Ohio,2020-04-15 2020-04-22,32,0,0,10,63
801,Oklahoma,2020-04-15 2020-04-22,0,0,0,0,0
802,Oregon,2020-04-15 2020-04-22,0,0,0,0,92
803,Pennsylvania,2020-04-15 2020-04-22,43,0,0,26,0
804,Rhode Island,2020-04-15 2020-04-22,0,0,0,100,0
805,South Carolina,2020-04-15 2020-04-22,0,0,0,0,0
806,South Dakota,2020-04-15 2020-04-22,0,0,0,0,0
807,Tennessee,2020-04-15 2020-04-22,0,0,0,19,0
808,Texas,2020-04-15 2020-04-22,0,26,0,4,0
809,Utah,2020-04-15 2020-04-22,0,0,0,0,0
810,Vermont,2020-04-15 2020-04-22,0,0,0,0,0
811,Virginia,2020-04-15 2020-04-22,0,0,0,12,0
812,Washington,2020-04-15 2020-04-22,100,100,0,30,100
813,West Virginia,2020-04-15 2020-04-22,0,0,0,0,0
814,Wisconsin,2020-04-15 2020-04-22,67,0,0,41,0
815,Wyoming,2020-04-15 2020-04-22,0,0,0,0,0
816,Alabama,2020-04-22 2020-04-28,0,0,0,0,0
817,Alaska,2020-04-22 2020-04-28,0,0,0,0,0
818,Arizona,2020-04-22 2020-04-28,0,0,0,0,45
819,Arkansas,2020-04-22 2020-04-28,0,0,0,0,0
820,California,2020-04-22 2020-04-28,0,0,0,19,0
821,Colorado,2020-04-22 2020-04-28,0,0,0,0,0
822,Connecticut,2020-04-22 2020-04-28,0,0,0,0,0
823,Delaware,2020-04-22 2020-04-28,0,0,0,0,0
824,District of Columbia,2020-04-22 2020-04-28,0,0,0,0,0
825,Florida,2020-04-22 2020-04-28,17,36,0,12,0
826,Georgia,2020-04-22 2020-04-28,0,0,0,25,0
827,Hawaii,2020-04-22 2020-04-28,0,0,0,0,0
828,Idaho,2020-04-22 2020-04-28,0,0,0,0,0
829,Illinois,2020-04-22 2020-04-28,0,0,0,0,0
830,Indiana,2020-04-22 2020-04-28,0,0,0,0,0
831,Iowa,2020-04-22 2020-04-28,0,0,0,100,0
832,Kansas,2020-04-22 2020-04-28,0,0,0,0,0
833,Kentucky,2020-04-22 2020-04-28,0,0,0,0,0
834,Louisiana,2020-04-22 2020-04-28,100,0,0,74,0
835,Maine,2020-04-22 2020-04-28,0,0,0,0,0
836,Maryland,2020-04-22 2020-04-28,0,0,0,0,0
837,Massachusetts,2020-04-22 2020-04-28,0,100,0,35,0
838,Michigan,2020-04-22 2020-04-28,0,0,0,0,0
839,Minnesota,2020-04-22 2020-04-28,0,0,0,0,0
840,Mississippi,2020-04-22 2020-04-28,0,0,0,0,0
841,Missouri,2020-04-22 2020-04-28,0,0,0,0,0
842,Montana,2020-04-22 2020-04-28,0,0,0,0,0
843,Nebraska,2020-04-22 2020-04-28,0,0,0,0,0
844,Nevada,2020-04-22 2020-04-28,0,0,0,0,0
845,New Hampshire,2020-04-22 2020-04-28,0,0,0,0,0
846,New Jersey,2020-04-22 2020-04-28,34,0,0,0,0
847,New Mexico,2020-04-22 2020-04-28,0,0,0,0,0
848,New York,2020-04-22 2020-04-28,0,0,0,12,14
849,North Carolina,2020-04-22 2020-04-28,0,0,0,23,0
850,North Dakota,2020-04-22 2020-04-28,0,0,0,0,0
851,Ohio,2020-04-22 2020-04-28,0,0,0,0,25
852,Oklahoma,2020-04-22 2020-04-28,0,0,0,89,100
853,Oregon,2020-04-22 2020-04-28,0,0,0,0,0
854,Pennsylvania,2020-04-22 2020-04-28,0,0,0,0,24
855,Rhode Island,2020-04-22 2020-04-28,0,0,0,0,0
856,South Carolina,2020-04-22 2020-04-28,0,0,0,0,0
857,South Dakota,2020-04-22 2020-04-28,0,0,0,0,0
858,Tennessee,2020-04-22 2020-04-28,0,0,0,0,50
859,Texas,2020-04-22 2020-04-28,12,0,0,9,11
860,Utah,2020-04-22 2020-04-28,0,0,0,0,0
861,Vermont,2020-04-22 2020-04-28,0,0,0,0,0
862,Virginia,2020-04-22 2020-04-28,0,0,0,29,0
863,Washington,2020-04-22 2020-04-28,0,0,0,0,79
864,West Virginia,2020-04-22 2020-04-28,0,0,0,0,0
865,Wisconsin,2020-04-22 2020-04-28,0,0,0,0,0
866,Wyoming,2020-04-22 2020-04-28,0,0,0,0,0
