,week,State,bat soup,coronavirus bat soup,china bat soup,chinese bat soup,wuhan bat soup,bat soup virus
0,2020-01-01 2020-01-08,Alabama,0,0,0,0,0,0
1,2020-01-01 2020-01-08,Alaska,0,0,0,0,0,0
2,2020-01-01 2020-01-08,Arizona,0,0,0,0,0,0
3,2020-01-01 2020-01-08,Arkansas,0,0,0,0,0,0
4,2020-01-01 2020-01-08,California,0,0,0,0,0,0
5,2020-01-01 2020-01-08,Colorado,0,0,0,0,0,0
6,2020-01-01 2020-01-08,Connecticut,0,0,0,0,0,0
7,2020-01-01 2020-01-08,Delaware,0,0,0,0,0,0
8,2020-01-01 2020-01-08,District of Columbia,0,0,0,0,0,0
9,2020-01-01 2020-01-08,Florida,0,0,0,0,0,0
10,2020-01-01 2020-01-08,Georgia,0,0,0,0,0,0
11,2020-01-01 2020-01-08,Hawaii,0,0,0,0,0,0
12,2020-01-01 2020-01-08,Idaho,100,0,0,0,0,0
13,2020-01-01 2020-01-08,Illinois,0,0,0,0,0,0
14,2020-01-01 2020-01-08,Indiana,0,0,0,0,0,0
15,2020-01-01 2020-01-08,Iowa,0,0,0,0,0,0
16,2020-01-01 2020-01-08,Kansas,0,0,0,0,0,0
17,2020-01-01 2020-01-08,Kentucky,0,0,0,0,0,0
18,2020-01-01 2020-01-08,Louisiana,0,0,0,0,0,0
19,2020-01-01 2020-01-08,Maine,0,0,0,0,0,0
20,2020-01-01 2020-01-08,Maryland,0,0,0,0,0,0
21,2020-01-01 2020-01-08,Massachusetts,0,0,0,0,0,0
22,2020-01-01 2020-01-08,Michigan,0,0,0,0,0,0
23,2020-01-01 2020-01-08,Minnesota,0,0,0,0,0,0
24,2020-01-01 2020-01-08,Mississippi,0,0,0,0,0,0
25,2020-01-01 2020-01-08,Missouri,0,0,0,0,0,0
26,2020-01-01 2020-01-08,Montana,0,0,0,0,0,0
27,2020-01-01 2020-01-08,Nebraska,0,0,0,0,0,0
28,2020-01-01 2020-01-08,Nevada,0,0,0,0,0,0
29,2020-01-01 2020-01-08,New Hampshire,0,0,0,0,0,0
30,2020-01-01 2020-01-08,New Jersey,0,0,0,0,0,0
31,2020-01-01 2020-01-08,New Mexico,0,0,0,0,0,0
32,2020-01-01 2020-01-08,New York,0,0,0,0,0,0
33,2020-01-01 2020-01-08,North Carolina,0,0,0,0,0,0
34,2020-01-01 2020-01-08,North Dakota,0,0,0,0,0,0
35,2020-01-01 2020-01-08,Ohio,0,0,0,0,0,0
36,2020-01-01 2020-01-08,Oklahoma,0,0,0,0,0,0
37,2020-01-01 2020-01-08,Oregon,35,0,0,0,0,0
38,2020-01-01 2020-01-08,Pennsylvania,11,0,0,0,0,0
39,2020-01-01 2020-01-08,Rhode Island,0,0,0,0,0,0
40,2020-01-01 2020-01-08,South Carolina,0,0,0,0,0,0
41,2020-01-01 2020-01-08,South Dakota,0,0,0,0,0,0
42,2020-01-01 2020-01-08,Tennessee,0,0,0,0,0,0
43,2020-01-01 2020-01-08,Texas,0,0,0,0,0,0
44,2020-01-01 2020-01-08,Utah,0,0,0,0,0,0
45,2020-01-01 2020-01-08,Vermont,0,0,0,0,0,0
46,2020-01-01 2020-01-08,Virginia,0,0,0,0,0,0
47,2020-01-01 2020-01-08,Washington,0,0,0,0,0,0
48,2020-01-01 2020-01-08,West Virginia,0,0,0,0,0,0
49,2020-01-01 2020-01-08,Wisconsin,0,0,0,0,0,0
50,2020-01-01 2020-01-08,Wyoming,0,0,0,0,0,0
51,2020-01-08 2020-01-15,Alabama,0,0,0,0,0,0
52,2020-01-08 2020-01-15,Alaska,0,0,0,0,0,0
53,2020-01-08 2020-01-15,Arizona,0,0,0,0,0,0
54,2020-01-08 2020-01-15,Arkansas,0,0,0,0,0,0
55,2020-01-08 2020-01-15,California,0,0,0,0,0,0
56,2020-01-08 2020-01-15,Colorado,0,0,0,0,0,0
57,2020-01-08 2020-01-15,Connecticut,0,0,0,0,0,0
58,2020-01-08 2020-01-15,Delaware,0,0,0,0,0,0
59,2020-01-08 2020-01-15,District of Columbia,0,0,0,0,0,0
60,2020-01-08 2020-01-15,Florida,0,0,0,0,0,0
61,2020-01-08 2020-01-15,Georgia,0,0,0,0,0,0
62,2020-01-08 2020-01-15,Hawaii,0,0,0,0,0,0
63,2020-01-08 2020-01-15,Idaho,0,0,0,0,0,0
64,2020-01-08 2020-01-15,Illinois,0,0,0,0,0,0
65,2020-01-08 2020-01-15,Indiana,100,0,0,0,0,0
66,2020-01-08 2020-01-15,Iowa,0,0,0,0,0,0
67,2020-01-08 2020-01-15,Kansas,0,0,0,0,0,0
68,2020-01-08 2020-01-15,Kentucky,0,0,0,0,0,0
69,2020-01-08 2020-01-15,Louisiana,0,0,0,0,0,0
70,2020-01-08 2020-01-15,Maine,0,0,0,0,0,0
71,2020-01-08 2020-01-15,Maryland,0,0,0,0,0,0
72,2020-01-08 2020-01-15,Massachusetts,0,0,0,0,0,0
73,2020-01-08 2020-01-15,Michigan,0,0,0,0,0,0
74,2020-01-08 2020-01-15,Minnesota,0,0,0,0,0,0
75,2020-01-08 2020-01-15,Mississippi,0,0,0,0,0,0
76,2020-01-08 2020-01-15,Missouri,0,0,0,0,0,0
77,2020-01-08 2020-01-15,Montana,0,0,0,0,0,0
78,2020-01-08 2020-01-15,Nebraska,0,0,0,0,0,0
79,2020-01-08 2020-01-15,Nevada,0,0,0,0,0,0
80,2020-01-08 2020-01-15,New Hampshire,0,0,0,0,0,0
81,2020-01-08 2020-01-15,New Jersey,0,0,0,0,0,0
82,2020-01-08 2020-01-15,New Mexico,0,0,0,0,0,0
83,2020-01-08 2020-01-15,New York,0,0,0,0,0,0
84,2020-01-08 2020-01-15,North Carolina,0,0,0,0,0,0
85,2020-01-08 2020-01-15,North Dakota,0,0,0,0,0,0
86,2020-01-08 2020-01-15,Ohio,0,0,0,0,0,0
87,2020-01-08 2020-01-15,Oklahoma,0,0,0,0,0,0
88,2020-01-08 2020-01-15,Oregon,0,0,0,0,0,0
89,2020-01-08 2020-01-15,Pennsylvania,0,0,0,0,0,0
90,2020-01-08 2020-01-15,Rhode Island,0,0,0,0,0,0
91,2020-01-08 2020-01-15,South Carolina,0,0,0,0,0,0
92,2020-01-08 2020-01-15,South Dakota,0,0,0,0,0,0
93,2020-01-08 2020-01-15,Tennessee,0,0,0,0,0,0
94,2020-01-08 2020-01-15,Texas,0,0,0,0,0,0
95,2020-01-08 2020-01-15,Utah,0,0,0,0,0,0
96,2020-01-08 2020-01-15,Vermont,0,0,0,0,0,0
97,2020-01-08 2020-01-15,Virginia,0,0,0,0,0,0
98,2020-01-08 2020-01-15,Washington,0,0,0,0,0,0
99,2020-01-08 2020-01-15,West Virginia,0,0,0,0,0,0
100,2020-01-08 2020-01-15,Wisconsin,0,0,0,0,0,0
101,2020-01-08 2020-01-15,Wyoming,0,0,0,0,0,0
102,2020-01-15 2020-01-22,Alabama,0,0,0,0,0,0
103,2020-01-15 2020-01-22,Alaska,0,0,0,0,0,0
104,2020-01-15 2020-01-22,Arizona,0,0,0,0,0,0
105,2020-01-15 2020-01-22,Arkansas,0,0,0,0,0,0
106,2020-01-15 2020-01-22,California,72,0,0,0,0,0
107,2020-01-15 2020-01-22,Colorado,0,0,0,0,0,0
108,2020-01-15 2020-01-22,Connecticut,0,0,0,0,0,0
109,2020-01-15 2020-01-22,Delaware,0,0,0,0,0,0
110,2020-01-15 2020-01-22,District of Columbia,0,0,0,0,0,0
111,2020-01-15 2020-01-22,Florida,0,0,0,0,0,0
112,2020-01-15 2020-01-22,Georgia,0,0,0,0,0,0
113,2020-01-15 2020-01-22,Hawaii,0,0,0,0,0,0
114,2020-01-15 2020-01-22,Idaho,0,0,0,0,0,0
115,2020-01-15 2020-01-22,Illinois,0,0,0,0,0,0
116,2020-01-15 2020-01-22,Indiana,0,0,0,0,0,0
117,2020-01-15 2020-01-22,Iowa,0,0,0,0,0,0
118,2020-01-15 2020-01-22,Kansas,0,0,0,0,0,0
119,2020-01-15 2020-01-22,Kentucky,0,0,0,0,0,0
120,2020-01-15 2020-01-22,Louisiana,0,0,0,0,0,0
121,2020-01-15 2020-01-22,Maine,0,0,0,0,0,0
122,2020-01-15 2020-01-22,Maryland,0,0,0,0,0,0
123,2020-01-15 2020-01-22,Massachusetts,0,0,0,0,0,0
124,2020-01-15 2020-01-22,Michigan,0,0,0,0,0,0
125,2020-01-15 2020-01-22,Minnesota,0,0,0,0,0,0
126,2020-01-15 2020-01-22,Mississippi,0,0,0,0,0,0
127,2020-01-15 2020-01-22,Missouri,0,0,0,0,0,0
128,2020-01-15 2020-01-22,Montana,0,0,0,0,0,0
129,2020-01-15 2020-01-22,Nebraska,0,0,0,0,0,0
130,2020-01-15 2020-01-22,Nevada,0,0,0,0,0,0
131,2020-01-15 2020-01-22,New Hampshire,0,0,0,0,0,0
132,2020-01-15 2020-01-22,New Jersey,0,0,0,0,0,0
133,2020-01-15 2020-01-22,New Mexico,0,0,0,0,0,0
134,2020-01-15 2020-01-22,New York,0,0,0,0,0,0
135,2020-01-15 2020-01-22,North Carolina,0,0,0,0,0,0
136,2020-01-15 2020-01-22,North Dakota,0,0,0,0,0,0
137,2020-01-15 2020-01-22,Ohio,0,0,0,0,0,0
138,2020-01-15 2020-01-22,Oklahoma,0,0,0,0,0,0
139,2020-01-15 2020-01-22,Oregon,0,0,0,0,0,0
140,2020-01-15 2020-01-22,Pennsylvania,0,0,0,0,0,0
141,2020-01-15 2020-01-22,Rhode Island,0,0,0,0,0,0
142,2020-01-15 2020-01-22,South Carolina,0,0,0,0,0,0
143,2020-01-15 2020-01-22,South Dakota,0,0,0,0,0,0
144,2020-01-15 2020-01-22,Tennessee,0,0,0,0,0,0
145,2020-01-15 2020-01-22,Texas,100,0,0,0,0,0
146,2020-01-15 2020-01-22,Utah,0,0,0,0,0,0
147,2020-01-15 2020-01-22,Vermont,0,0,0,0,0,0
148,2020-01-15 2020-01-22,Virginia,0,0,0,0,0,0
149,2020-01-15 2020-01-22,Washington,0,0,0,0,0,0
150,2020-01-15 2020-01-22,West Virginia,0,0,0,0,0,0
151,2020-01-15 2020-01-22,Wisconsin,0,0,0,0,0,0
152,2020-01-15 2020-01-22,Wyoming,0,0,0,0,0,0
153,2020-01-22 2020-01-29,Alabama,23,20,7,0,0,0
154,2020-01-22 2020-01-29,Alaska,47,0,0,0,0,0
155,2020-01-22 2020-01-29,Arizona,53,54,13,0,0,42
156,2020-01-22 2020-01-29,Arkansas,15,0,0,0,0,0
157,2020-01-22 2020-01-29,California,95,70,15,27,58,100
158,2020-01-22 2020-01-29,Colorado,53,28,10,0,49,48
159,2020-01-22 2020-01-29,Connecticut,56,53,7,32,0,75
160,2020-01-22 2020-01-29,Delaware,100,97,100,0,0,0
161,2020-01-22 2020-01-29,District of Columbia,39,0,0,0,0,0
162,2020-01-22 2020-01-29,Florida,40,29,16,11,26,51
163,2020-01-22 2020-01-29,Georgia,38,24,7,42,33,49
164,2020-01-22 2020-01-29,Hawaii,78,99,23,100,0,0
165,2020-01-22 2020-01-29,Idaho,17,58,0,0,0,0
166,2020-01-22 2020-01-29,Illinois,69,50,12,31,48,72
167,2020-01-22 2020-01-29,Indiana,31,28,7,21,0,0
168,2020-01-22 2020-01-29,Iowa,40,76,21,0,0,0
169,2020-01-22 2020-01-29,Kansas,44,100,23,50,0,0
170,2020-01-22 2020-01-29,Kentucky,41,43,11,32,0,0
171,2020-01-22 2020-01-29,Louisiana,45,22,0,0,0,0
172,2020-01-22 2020-01-29,Maine,21,72,0,0,0,0
173,2020-01-22 2020-01-29,Maryland,43,26,9,0,0,67
174,2020-01-22 2020-01-29,Massachusetts,62,85,16,32,25,74
175,2020-01-22 2020-01-29,Michigan,42,35,10,0,0,31
176,2020-01-22 2020-01-29,Minnesota,66,30,10,45,0,0
177,2020-01-22 2020-01-29,Mississippi,23,60,0,0,0,0
178,2020-01-22 2020-01-29,Missouri,46,41,5,41,32,0
179,2020-01-22 2020-01-29,Montana,45,0,0,0,0,0
180,2020-01-22 2020-01-29,Nebraska,69,0,15,0,0,0
181,2020-01-22 2020-01-29,Nevada,73,55,9,42,0,0
182,2020-01-22 2020-01-29,New Hampshire,67,98,0,0,0,0
183,2020-01-22 2020-01-29,New Jersey,63,25,7,13,100,59
184,2020-01-22 2020-01-29,New Mexico,27,0,16,0,0,0
185,2020-01-22 2020-01-29,New York,74,64,14,56,50,81
186,2020-01-22 2020-01-29,North Carolina,35,27,8,11,36,27
187,2020-01-22 2020-01-29,North Dakota,38,0,0,0,0,0
188,2020-01-22 2020-01-29,Ohio,33,34,9,15,64,48
189,2020-01-22 2020-01-29,Oklahoma,42,26,14,0,0,0
190,2020-01-22 2020-01-29,Oregon,38,40,7,30,94,70
191,2020-01-22 2020-01-29,Pennsylvania,48,32,4,10,37,67
192,2020-01-22 2020-01-29,Rhode Island,96,72,25,0,0,0
193,2020-01-22 2020-01-29,South Carolina,27,0,6,28,0,0
194,2020-01-22 2020-01-29,South Dakota,55,0,0,0,0,0
195,2020-01-22 2020-01-29,Tennessee,29,26,4,0,0,45
196,2020-01-22 2020-01-29,Texas,59,44,12,12,23,29
197,2020-01-22 2020-01-29,Utah,28,40,18,0,0,0
198,2020-01-22 2020-01-29,Vermont,44,0,0,0,0,0
199,2020-01-22 2020-01-29,Virginia,66,53,8,20,41,61
200,2020-01-22 2020-01-29,Washington,73,38,26,32,76,94
201,2020-01-22 2020-01-29,West Virginia,38,0,0,0,0,0
202,2020-01-22 2020-01-29,Wisconsin,29,38,8,23,0,0
203,2020-01-22 2020-01-29,Wyoming,58,0,0,0,0,0
204,2020-01-29 2020-02-05,Alabama,37,25,46,0,0,0
205,2020-01-29 2020-02-05,Alaska,0,0,0,0,0,0
206,2020-01-29 2020-02-05,Arizona,49,33,36,27,0,39
207,2020-01-29 2020-02-05,Arkansas,27,28,0,0,0,0
208,2020-01-29 2020-02-05,California,100,35,34,22,54,57
209,2020-01-29 2020-02-05,Colorado,44,26,39,0,0,85
210,2020-01-29 2020-02-05,Connecticut,40,16,30,0,0,0
211,2020-01-29 2020-02-05,Delaware,74,0,0,0,0,0
212,2020-01-29 2020-02-05,District of Columbia,25,0,0,0,0,0
213,2020-01-29 2020-02-05,Florida,46,14,8,11,29,23
214,2020-01-29 2020-02-05,Georgia,47,21,39,11,36,0
215,2020-01-29 2020-02-05,Hawaii,40,53,100,100,0,0
216,2020-01-29 2020-02-05,Idaho,34,91,0,0,0,0
217,2020-01-29 2020-02-05,Illinois,59,21,34,17,46,28
218,2020-01-29 2020-02-05,Indiana,70,43,20,20,0,0
219,2020-01-29 2020-02-05,Iowa,29,23,43,44,0,0
220,2020-01-29 2020-02-05,Kansas,46,26,0,0,0,0
221,2020-01-29 2020-02-05,Kentucky,42,34,32,32,0,0
222,2020-01-29 2020-02-05,Louisiana,17,17,32,0,0,0
223,2020-01-29 2020-02-05,Maine,55,0,0,0,0,0
224,2020-01-29 2020-02-05,Maryland,47,15,55,19,0,80
225,2020-01-29 2020-02-05,Massachusetts,84,41,31,15,100,100
226,2020-01-29 2020-02-05,Michigan,61,18,39,13,0,57
227,2020-01-29 2020-02-05,Minnesota,49,23,22,0,0,0
228,2020-01-29 2020-02-05,Mississippi,15,0,0,0,0,0
229,2020-01-29 2020-02-05,Missouri,28,11,0,0,0,0
230,2020-01-29 2020-02-05,Montana,0,0,0,0,0,0
231,2020-01-29 2020-02-05,Nebraska,42,0,0,0,0,0
232,2020-01-29 2020-02-05,Nevada,44,44,41,0,0,0
233,2020-01-29 2020-02-05,New Hampshire,87,100,0,0,0,0
234,2020-01-29 2020-02-05,New Jersey,87,33,37,19,80,53
235,2020-01-29 2020-02-05,New Mexico,53,35,0,0,0,0
236,2020-01-29 2020-02-05,New York,86,36,55,26,34,46
237,2020-01-29 2020-02-05,North Carolina,31,27,28,11,48,24
238,2020-01-29 2020-02-05,North Dakota,50,0,0,0,0,0
239,2020-01-29 2020-02-05,Ohio,35,23,19,20,21,32
240,2020-01-29 2020-02-05,Oklahoma,51,20,38,0,0,0
241,2020-01-29 2020-02-05,Oregon,36,32,30,30,0,65
242,2020-01-29 2020-02-05,Pennsylvania,52,28,33,9,20,41
243,2020-01-29 2020-02-05,Rhode Island,41,0,0,0,0,0
244,2020-01-29 2020-02-05,South Carolina,43,29,0,0,0,0
245,2020-01-29 2020-02-05,South Dakota,97,0,0,0,0,0
246,2020-01-29 2020-02-05,Tennessee,30,20,18,0,0,41
247,2020-01-29 2020-02-05,Texas,63,26,36,4,18,13
248,2020-01-29 2020-02-05,Utah,58,32,39,79,0,0
249,2020-01-29 2020-02-05,Vermont,0,0,0,0,0,0
250,2020-01-29 2020-02-05,Virginia,54,34,32,38,55,28
251,2020-01-29 2020-02-05,Washington,52,42,55,0,85,0
252,2020-01-29 2020-02-05,West Virginia,37,0,0,0,0,0
253,2020-01-29 2020-02-05,Wisconsin,38,35,44,0,0,0
254,2020-01-29 2020-02-05,Wyoming,72,0,0,0,0,0
255,2020-02-05 2020-02-12,Alabama,11,13,33,0,0,0
256,2020-02-05 2020-02-12,Alaska,0,0,0,0,0,0
257,2020-02-05 2020-02-12,Arizona,34,10,13,57,0,100
258,2020-02-05 2020-02-12,Arkansas,33,30,0,0,0,0
259,2020-02-05 2020-02-12,California,37,13,5,14,28,66
260,2020-02-05 2020-02-12,Colorado,12,23,0,0,0,0
261,2020-02-05 2020-02-12,Connecticut,19,0,0,0,0,0
262,2020-02-05 2020-02-12,Delaware,87,80,100,0,0,0
263,2020-02-05 2020-02-12,District of Columbia,59,0,0,0,0,0
264,2020-02-05 2020-02-12,Florida,23,9,4,34,51,0
265,2020-02-05 2020-02-12,Georgia,38,6,16,35,54,0
266,2020-02-05 2020-02-12,Hawaii,63,0,73,0,0,0
267,2020-02-05 2020-02-12,Idaho,27,100,0,0,0,0
268,2020-02-05 2020-02-12,Illinois,30,15,13,27,83,48
269,2020-02-05 2020-02-12,Indiana,19,24,15,0,0,0
270,2020-02-05 2020-02-12,Iowa,28,0,0,0,0,0
271,2020-02-05 2020-02-12,Kansas,39,0,0,0,0,0
272,2020-02-05 2020-02-12,Kentucky,20,18,23,100,0,0
273,2020-02-05 2020-02-12,Louisiana,15,0,0,0,0,0
274,2020-02-05 2020-02-12,Maine,100,0,0,0,0,0
275,2020-02-05 2020-02-12,Maryland,32,21,20,0,0,0
276,2020-02-05 2020-02-12,Massachusetts,17,9,11,0,0,0
277,2020-02-05 2020-02-12,Michigan,33,11,0,62,0,74
278,2020-02-05 2020-02-12,Minnesota,28,13,16,0,0,0
279,2020-02-05 2020-02-12,Mississippi,18,33,0,0,0,0
280,2020-02-05 2020-02-12,Missouri,6,12,0,0,100,0
281,2020-02-05 2020-02-12,Montana,0,0,0,0,0,0
282,2020-02-05 2020-02-12,Nebraska,20,37,0,0,0,0
283,2020-02-05 2020-02-12,Nevada,19,24,0,0,0,0
284,2020-02-05 2020-02-12,New Hampshire,30,0,0,0,0,0
285,2020-02-05 2020-02-12,New Jersey,45,11,9,39,60,0
286,2020-02-05 2020-02-12,New Mexico,0,0,0,0,0,0
287,2020-02-05 2020-02-12,New York,30,9,8,33,50,58
288,2020-02-05 2020-02-12,North Carolina,17,26,8,35,0,0
289,2020-02-05 2020-02-12,North Dakota,0,0,0,0,0,0
290,2020-02-05 2020-02-12,Ohio,30,11,7,0,47,54
291,2020-02-05 2020-02-12,Oklahoma,24,22,28,0,0,0
292,2020-02-05 2020-02-12,Oregon,9,0,22,0,0,0
293,2020-02-05 2020-02-12,Pennsylvania,30,5,7,0,45,53
294,2020-02-05 2020-02-12,Rhode Island,32,60,75,0,0,0
295,2020-02-05 2020-02-12,South Carolina,8,0,0,0,0,0
296,2020-02-05 2020-02-12,South Dakota,57,0,0,0,0,0
297,2020-02-05 2020-02-12,Tennessee,18,16,0,61,0,0
298,2020-02-05 2020-02-12,Texas,24,12,10,0,19,23
299,2020-02-05 2020-02-12,Utah,19,46,29,0,0,0
300,2020-02-05 2020-02-12,Vermont,0,0,0,0,0,0
301,2020-02-05 2020-02-12,Virginia,27,23,19,0,0,0
302,2020-02-05 2020-02-12,Washington,32,9,11,50,0,88
303,2020-02-05 2020-02-12,West Virginia,29,0,0,0,0,0
304,2020-02-05 2020-02-12,Wisconsin,31,19,0,70,0,0
305,2020-02-05 2020-02-12,Wyoming,0,0,0,0,0,0
306,2020-02-12 2020-02-19,Alabama,22,28,0,0,0,0
307,2020-02-12 2020-02-19,Alaska,0,0,0,0,0,0
308,2020-02-12 2020-02-19,Arizona,17,21,0,0,0,0
309,2020-02-12 2020-02-19,Arkansas,25,0,0,0,0,0
310,2020-02-12 2020-02-19,California,29,14,8,42,0,18
311,2020-02-12 2020-02-19,Colorado,24,0,19,0,0,0
312,2020-02-12 2020-02-19,Connecticut,67,0,0,0,0,0
313,2020-02-12 2020-02-19,Delaware,64,0,0,0,0,0
314,2020-02-12 2020-02-19,District of Columbia,96,0,0,0,0,0
315,2020-02-12 2020-02-19,Florida,22,0,7,0,33,33
316,2020-02-12 2020-02-19,Georgia,11,0,11,0,0,70
317,2020-02-12 2020-02-19,Hawaii,0,0,0,0,0,0
318,2020-02-12 2020-02-19,Idaho,0,100,0,0,0,0
319,2020-02-12 2020-02-19,Illinois,18,30,12,0,0,53
320,2020-02-12 2020-02-19,Indiana,24,0,19,0,0,0
321,2020-02-12 2020-02-19,Iowa,21,51,0,0,0,0
322,2020-02-12 2020-02-19,Kansas,23,0,0,0,0,0
323,2020-02-12 2020-02-19,Kentucky,22,0,0,0,0,0
324,2020-02-12 2020-02-19,Louisiana,15,0,0,0,0,0
325,2020-02-12 2020-02-19,Maine,0,0,0,0,0,0
326,2020-02-12 2020-02-19,Maryland,17,21,0,85,0,0
327,2020-02-12 2020-02-19,Massachusetts,7,37,23,75,0,100
328,2020-02-12 2020-02-19,Michigan,25,0,12,0,0,0
329,2020-02-12 2020-02-19,Minnesota,15,25,0,0,0,0
330,2020-02-12 2020-02-19,Mississippi,0,0,0,0,0,0
331,2020-02-12 2020-02-19,Missouri,10,24,0,100,0,0
332,2020-02-12 2020-02-19,Montana,0,0,0,0,0,0
333,2020-02-12 2020-02-19,Nebraska,59,73,0,0,0,0
334,2020-02-12 2020-02-19,Nevada,19,0,39,0,0,0
335,2020-02-12 2020-02-19,New Hampshire,44,0,0,0,0,0
336,2020-02-12 2020-02-19,New Jersey,27,29,12,0,0,0
337,2020-02-12 2020-02-19,New Mexico,32,0,0,0,0,0
338,2020-02-12 2020-02-19,New York,18,17,12,0,31,31
339,2020-02-12 2020-02-19,North Carolina,10,13,10,51,0,0
340,2020-02-12 2020-02-19,North Dakota,0,0,0,0,0,0
341,2020-02-12 2020-02-19,Ohio,21,11,9,46,61,61
342,2020-02-12 2020-02-19,Oklahoma,36,45,0,0,0,0
343,2020-02-12 2020-02-19,Oregon,14,35,0,0,0,0
344,2020-02-12 2020-02-19,Pennsylvania,13,11,0,45,0,0
345,2020-02-12 2020-02-19,Rhode Island,100,0,100,0,0,0
346,2020-02-12 2020-02-19,South Carolina,19,31,0,0,0,0
347,2020-02-12 2020-02-19,South Dakota,0,0,0,0,0,0
348,2020-02-12 2020-02-19,Tennessee,18,22,0,0,0,0
349,2020-02-12 2020-02-19,Texas,26,17,8,0,0,25
350,2020-02-12 2020-02-19,Utah,0,46,0,0,0,0
351,2020-02-12 2020-02-19,Vermont,0,0,0,0,0,0
352,2020-02-12 2020-02-19,Virginia,19,15,0,0,0,0
353,2020-02-12 2020-02-19,Washington,26,18,0,75,100,0
354,2020-02-12 2020-02-19,West Virginia,44,0,0,0,0,0
355,2020-02-12 2020-02-19,Wisconsin,15,0,20,0,0,0
356,2020-02-12 2020-02-19,Wyoming,0,0,0,0,0,0
357,2020-02-19 2020-02-26,Alabama,20,11,0,0,0,0
358,2020-02-19 2020-02-26,Alaska,0,0,0,0,0,0
359,2020-02-19 2020-02-26,Arizona,8,0,0,0,0,97
360,2020-02-19 2020-02-26,Arkansas,24,0,0,0,0,0
361,2020-02-19 2020-02-26,California,31,5,6,22,66,32
362,2020-02-19 2020-02-26,Colorado,14,0,0,100,0,0
363,2020-02-19 2020-02-26,Connecticut,29,0,0,0,0,0
364,2020-02-19 2020-02-26,Delaware,63,100,0,0,0,0
365,2020-02-19 2020-02-26,District of Columbia,89,35,0,0,0,0
366,2020-02-19 2020-02-26,Florida,10,2,12,0,0,29
367,2020-02-19 2020-02-26,Georgia,10,8,0,0,0,0
368,2020-02-19 2020-02-26,Hawaii,0,0,0,0,0,0
369,2020-02-19 2020-02-26,Idaho,0,0,0,0,0,0
370,2020-02-19 2020-02-26,Illinois,12,5,0,0,0,0
371,2020-02-19 2020-02-26,Indiana,9,7,46,0,0,0
372,2020-02-19 2020-02-26,Iowa,0,0,100,0,0,0
373,2020-02-19 2020-02-26,Kansas,22,18,0,0,0,0
374,2020-02-19 2020-02-26,Kentucky,0,0,0,0,0,0
375,2020-02-19 2020-02-26,Louisiana,0,0,0,0,0,0
376,2020-02-19 2020-02-26,Maine,0,0,0,0,0,0
377,2020-02-19 2020-02-26,Maryland,25,7,0,0,0,100
378,2020-02-19 2020-02-26,Massachusetts,29,0,36,0,0,88
379,2020-02-19 2020-02-26,Michigan,12,5,30,67,0,0
380,2020-02-19 2020-02-26,Minnesota,10,0,0,0,0,0
381,2020-02-19 2020-02-26,Mississippi,0,0,0,0,0,0
382,2020-02-19 2020-02-26,Missouri,0,0,0,0,0,0
383,2020-02-19 2020-02-26,Montana,0,0,0,0,0,0
384,2020-02-19 2020-02-26,Nebraska,29,0,0,0,0,0
385,2020-02-19 2020-02-26,Nevada,18,0,90,0,0,0
386,2020-02-19 2020-02-26,New Hampshire,45,0,0,0,0,0
387,2020-02-19 2020-02-26,New Jersey,11,5,0,0,0,0
388,2020-02-19 2020-02-26,New Mexico,30,0,0,0,0,0
389,2020-02-19 2020-02-26,New York,15,4,0,76,39,0
390,2020-02-19 2020-02-26,North Carolina,17,0,0,0,79,0
391,2020-02-19 2020-02-26,North Dakota,0,0,0,0,0,0
392,2020-02-19 2020-02-26,Ohio,7,4,44,0,0,0
393,2020-02-19 2020-02-26,Oklahoma,18,0,0,0,0,0
394,2020-02-19 2020-02-26,Oregon,14,11,68,0,0,0
395,2020-02-19 2020-02-26,Pennsylvania,11,0,21,48,0,53
396,2020-02-19 2020-02-26,Rhode Island,0,0,0,0,0,0
397,2020-02-19 2020-02-26,South Carolina,0,0,0,0,0,0
398,2020-02-19 2020-02-26,South Dakota,0,0,0,0,0,0
399,2020-02-19 2020-02-26,Tennessee,17,0,42,0,0,0
400,2020-02-19 2020-02-26,Texas,13,3,27,20,0,23
401,2020-02-19 2020-02-26,Utah,18,0,0,0,0,0
402,2020-02-19 2020-02-26,Vermont,100,0,0,0,0,0
403,2020-02-19 2020-02-26,Virginia,9,10,29,0,100,0
404,2020-02-19 2020-02-26,Washington,37,6,0,0,0,0
405,2020-02-19 2020-02-26,West Virginia,0,34,0,0,0,0
406,2020-02-19 2020-02-26,Wisconsin,10,8,49,0,0,0
407,2020-02-19 2020-02-26,Wyoming,0,0,0,0,0,0
408,2020-02-26 2020-03-04,Alabama,0,0,0,0,0,0
409,2020-02-26 2020-03-04,Alaska,0,0,0,0,0,0
410,2020-02-26 2020-03-04,Arizona,16,0,26,0,0,100
411,2020-02-26 2020-03-04,Arkansas,0,0,0,0,0,0
412,2020-02-26 2020-03-04,California,20,8,17,33,29,41
413,2020-02-26 2020-03-04,Colorado,8,7,59,91,100,0
414,2020-02-26 2020-03-04,Connecticut,28,10,46,0,0,0
415,2020-02-26 2020-03-04,Delaware,36,0,0,0,0,0
416,2020-02-26 2020-03-04,District of Columbia,36,32,0,0,0,0
417,2020-02-26 2020-03-04,Florida,18,8,8,24,27,31
418,2020-02-26 2020-03-04,Georgia,13,4,16,100,55,0
419,2020-02-26 2020-03-04,Hawaii,24,32,0,0,0,0
420,2020-02-26 2020-03-04,Idaho,0,0,0,0,0,0
421,2020-02-26 2020-03-04,Illinois,18,9,13,0,0,0
422,2020-02-26 2020-03-04,Indiana,5,7,31,94,0,0
423,2020-02-26 2020-03-04,Iowa,11,0,66,0,0,0
424,2020-02-26 2020-03-04,Kansas,13,17,74,0,0,0
425,2020-02-26 2020-03-04,Kentucky,6,8,0,0,0,0
426,2020-02-26 2020-03-04,Louisiana,8,16,0,0,0,0
427,2020-02-26 2020-03-04,Maine,53,34,0,0,0,0
428,2020-02-26 2020-03-04,Maryland,18,12,26,0,0,0
429,2020-02-26 2020-03-04,Massachusetts,24,10,0,0,0,0
430,2020-02-26 2020-03-04,Michigan,7,13,20,0,0,77
431,2020-02-26 2020-03-04,Minnesota,17,15,0,0,0,0
432,2020-02-26 2020-03-04,Mississippi,15,0,0,0,0,0
433,2020-02-26 2020-03-04,Missouri,19,0,0,0,0,0
434,2020-02-26 2020-03-04,Montana,0,100,0,0,0,0
435,2020-02-26 2020-03-04,Nebraska,16,21,0,0,0,0
436,2020-02-26 2020-03-04,Nevada,41,13,59,0,0,0
437,2020-02-26 2020-03-04,New Hampshire,100,33,0,0,0,0
438,2020-02-26 2020-03-04,New Jersey,19,15,0,0,0,0
439,2020-02-26 2020-03-04,New Mexico,17,0,100,0,0,0
440,2020-02-26 2020-03-04,New York,23,8,7,23,78,87
441,2020-02-26 2020-03-04,North Carolina,8,7,0,0,0,0
442,2020-02-26 2020-03-04,North Dakota,0,0,0,0,0,0
443,2020-02-26 2020-03-04,Ohio,15,10,14,45,49,0
444,2020-02-26 2020-03-04,Oklahoma,0,0,0,0,0,0
445,2020-02-26 2020-03-04,Oregon,11,0,0,0,0,0
446,2020-02-26 2020-03-04,Pennsylvania,16,5,14,44,49,55
447,2020-02-26 2020-03-04,Rhode Island,26,34,0,0,0,0
448,2020-02-26 2020-03-04,South Carolina,14,0,0,0,0,0
449,2020-02-26 2020-03-04,South Dakota,46,0,0,0,0,0
450,2020-02-26 2020-03-04,Tennessee,12,6,0,0,0,0
451,2020-02-26 2020-03-04,Texas,13,5,15,18,20,35
452,2020-02-26 2020-03-04,Utah,30,0,58,0,0,0
453,2020-02-26 2020-03-04,Vermont,56,0,0,0,0,0
454,2020-02-26 2020-03-04,Virginia,17,4,0,61,67,0
455,2020-02-26 2020-03-04,Washington,28,11,46,0,0,89
456,2020-02-26 2020-03-04,West Virginia,47,31,0,0,0,0
457,2020-02-26 2020-03-04,Wisconsin,20,7,0,0,0,0
458,2020-02-26 2020-03-04,Wyoming,0,0,0,0,0,0
459,2020-03-04 2020-03-11,Alabama,22,29,0,0,0,0
460,2020-03-04 2020-03-11,Alaska,44,0,0,0,0,0
461,2020-03-04 2020-03-11,Arizona,8,17,29,0,0,0
462,2020-03-04 2020-03-11,Arkansas,10,100,0,0,0,0
463,2020-03-04 2020-03-11,California,18,26,18,22,21,27
464,2020-03-04 2020-03-11,Colorado,18,38,32,0,100,0
465,2020-03-04 2020-03-11,Connecticut,20,30,51,0,0,100
466,2020-03-04 2020-03-11,Delaware,25,0,0,0,0,0
467,2020-03-04 2020-03-11,District of Columbia,34,90,0,0,0,0
468,2020-03-04 2020-03-11,Florida,12,13,9,0,40,17
469,2020-03-04 2020-03-11,Georgia,15,20,17,32,0,0
470,2020-03-04 2020-03-11,Hawaii,0,0,0,0,0,0
471,2020-03-04 2020-03-11,Idaho,0,0,0,0,0,0
472,2020-03-04 2020-03-11,Illinois,14,32,14,0,0,0
473,2020-03-04 2020-03-11,Indiana,11,40,0,0,0,0
474,2020-03-04 2020-03-11,Iowa,33,43,0,0,0,0
475,2020-03-04 2020-03-11,Kansas,18,49,0,0,0,0
476,2020-03-04 2020-03-11,Kentucky,6,30,0,0,0,0
477,2020-03-04 2020-03-11,Louisiana,12,31,0,100,0,0
478,2020-03-04 2020-03-11,Maine,19,0,0,0,0,0
479,2020-03-04 2020-03-11,Maryland,7,0,0,0,0,58
480,2020-03-04 2020-03-11,Massachusetts,21,59,25,0,0,74
481,2020-03-04 2020-03-11,Michigan,14,19,21,0,0,42
482,2020-03-04 2020-03-11,Minnesota,4,42,0,0,0,0
483,2020-03-04 2020-03-11,Mississippi,11,0,100,0,0,0
484,2020-03-04 2020-03-11,Missouri,10,0,0,0,0,0
485,2020-03-04 2020-03-11,Montana,0,0,0,0,0,0
486,2020-03-04 2020-03-11,Nebraska,12,0,0,0,0,0
487,2020-03-04 2020-03-11,Nevada,18,57,0,0,0,0
488,2020-03-04 2020-03-11,New Hampshire,26,0,0,0,0,0
489,2020-03-04 2020-03-11,New Jersey,16,24,41,0,0,60
490,2020-03-04 2020-03-11,New Mexico,12,0,0,0,0,0
491,2020-03-04 2020-03-11,New York,19,12,8,16,19,32
492,2020-03-04 2020-03-11,North Carolina,11,21,18,35,0,36
493,2020-03-04 2020-03-11,North Dakota,0,0,0,0,0,0
494,2020-03-04 2020-03-11,Ohio,11,28,16,0,0,47
495,2020-03-04 2020-03-11,Oklahoma,11,0,63,0,0,0
496,2020-03-04 2020-03-11,Oregon,5,28,0,0,0,0
497,2020-03-04 2020-03-11,Pennsylvania,17,28,24,31,49,47
498,2020-03-04 2020-03-11,Rhode Island,19,0,0,0,0,0
499,2020-03-04 2020-03-11,South Carolina,10,26,0,0,0,0
500,2020-03-04 2020-03-11,South Dakota,100,0,0,0,0,0
501,2020-03-04 2020-03-11,Tennessee,9,18,0,0,0,0
502,2020-03-04 2020-03-11,Texas,11,12,7,13,0,13
503,2020-03-04 2020-03-11,Utah,14,37,0,0,0,0
504,2020-03-04 2020-03-11,Vermont,78,0,0,0,0,0
505,2020-03-04 2020-03-11,Virginia,16,63,0,0,33,42
506,2020-03-04 2020-03-11,Washington,20,0,0,48,0,50
507,2020-03-04 2020-03-11,West Virginia,17,91,0,0,0,0
508,2020-03-04 2020-03-11,Wisconsin,10,0,0,69,0,0
509,2020-03-04 2020-03-11,Wyoming,50,0,0,0,0,0
510,2020-03-11 2020-03-18,Alabama,43,23,29,0,0,0
511,2020-03-11 2020-03-18,Alaska,0,0,0,0,0,0
512,2020-03-11 2020-03-18,Arizona,25,5,17,0,0,0
513,2020-03-11 2020-03-18,Arkansas,40,0,0,0,0,0
514,2020-03-11 2020-03-18,California,52,19,24,29,18,34
515,2020-03-11 2020-03-18,Colorado,50,18,0,41,100,94
516,2020-03-11 2020-03-18,Connecticut,62,10,30,66,0,100
517,2020-03-11 2020-03-18,Delaware,60,84,0,0,0,0
518,2020-03-11 2020-03-18,District of Columbia,23,32,100,0,0,0
519,2020-03-11 2020-03-18,Florida,35,12,15,17,20,17
520,2020-03-11 2020-03-18,Georgia,32,14,0,22,0,16
521,2020-03-11 2020-03-18,Hawaii,41,0,0,0,0,0
522,2020-03-11 2020-03-18,Idaho,45,25,0,0,0,0
523,2020-03-11 2020-03-18,Illinois,41,17,20,0,27,27
524,2020-03-11 2020-03-18,Indiana,51,29,20,0,0,0
525,2020-03-11 2020-03-18,Iowa,57,14,0,0,0,0
526,2020-03-11 2020-03-18,Kansas,17,16,49,0,0,0
527,2020-03-11 2020-03-18,Kentucky,45,20,30,100,0,0
528,2020-03-11 2020-03-18,Louisiana,29,10,79,0,0,0
529,2020-03-11 2020-03-18,Maine,100,93,0,0,0,0
530,2020-03-11 2020-03-18,Maryland,28,8,18,39,0,59
531,2020-03-11 2020-03-18,Massachusetts,55,24,15,33,40,37
532,2020-03-11 2020-03-18,Michigan,44,41,12,0,0,0
533,2020-03-11 2020-03-18,Minnesota,36,13,20,45,0,0
534,2020-03-11 2020-03-18,Mississippi,49,20,61,0,0,0
535,2020-03-11 2020-03-18,Missouri,26,13,62,0,0,0
536,2020-03-11 2020-03-18,Montana,0,0,0,0,0,0
537,2020-03-11 2020-03-18,Nebraska,57,20,63,0,0,0
538,2020-03-11 2020-03-18,Nevada,52,12,38,0,0,0
539,2020-03-11 2020-03-18,New Hampshire,41,28,0,0,0,0
540,2020-03-11 2020-03-18,New Jersey,44,14,34,25,0,38
541,2020-03-11 2020-03-18,New Mexico,43,0,63,0,0,0
542,2020-03-11 2020-03-18,New York,50,22,14,26,13,24
543,2020-03-11 2020-03-18,North Carolina,28,14,17,24,0,28
544,2020-03-11 2020-03-18,North Dakota,0,0,0,0,0,0
545,2020-03-11 2020-03-18,Ohio,47,17,24,41,19,24
546,2020-03-11 2020-03-18,Oklahoma,35,12,0,0,0,0
547,2020-03-11 2020-03-18,Oregon,26,0,28,0,37,46
548,2020-03-11 2020-03-18,Pennsylvania,36,38,28,81,12,70
549,2020-03-11 2020-03-18,Rhode Island,60,100,0,0,0,0
550,2020-03-11 2020-03-18,South Carolina,31,8,27,0,0,0
551,2020-03-11 2020-03-18,South Dakota,41,0,0,0,0,0
552,2020-03-11 2020-03-18,Tennessee,26,15,19,0,0,31
553,2020-03-11 2020-03-18,Texas,41,12,18,18,8,34
554,2020-03-11 2020-03-18,Utah,29,11,36,0,0,0
555,2020-03-11 2020-03-18,Vermont,47,66,0,0,0,0
556,2020-03-11 2020-03-18,Virginia,44,16,37,41,41,21
557,2020-03-11 2020-03-18,Washington,47,10,15,0,20,25
558,2020-03-11 2020-03-18,West Virginia,21,30,0,0,0,0
559,2020-03-11 2020-03-18,Wisconsin,48,20,31,46,0,0
560,2020-03-11 2020-03-18,Wyoming,60,0,0,0,0,0
561,2020-03-18 2020-03-25,Alabama,21,23,58,0,0,0
562,2020-03-18 2020-03-25,Alaska,0,0,0,0,0,0
563,2020-03-18 2020-03-25,Arizona,31,53,100,41,0,89
564,2020-03-18 2020-03-25,Arkansas,51,79,0,0,0,0
565,2020-03-18 2020-03-25,California,30,16,16,20,12,18
566,2020-03-18 2020-03-25,Colorado,16,15,0,0,0,100
567,2020-03-18 2020-03-25,Connecticut,53,45,57,0,0,75
568,2020-03-18 2020-03-25,Delaware,36,100,0,0,0,0
569,2020-03-18 2020-03-25,District of Columbia,66,0,0,0,0,0
570,2020-03-18 2020-03-25,Florida,32,34,16,26,18,28
571,2020-03-18 2020-03-25,Georgia,21,23,20,0,0,26
572,2020-03-18 2020-03-25,Hawaii,0,0,0,0,0,0
573,2020-03-18 2020-03-25,Idaho,66,61,0,0,0,0
574,2020-03-18 2020-03-25,Illinois,39,23,16,20,19,22
575,2020-03-18 2020-03-25,Indiana,20,15,39,48,0,0
576,2020-03-18 2020-03-25,Iowa,44,35,0,0,0,0
577,2020-03-18 2020-03-25,Kansas,42,0,0,0,0,0
578,2020-03-18 2020-03-25,Kentucky,47,24,60,73,0,0
579,2020-03-18 2020-03-25,Louisiana,32,25,63,0,0,0
580,2020-03-18 2020-03-25,Maine,66,0,0,0,0,0
581,2020-03-18 2020-03-25,Maryland,27,27,70,43,0,0
582,2020-03-18 2020-03-25,Massachusetts,34,12,44,72,100,39
583,2020-03-18 2020-03-25,Michigan,25,9,23,57,0,31
584,2020-03-18 2020-03-25,Minnesota,32,0,80,0,0,0
585,2020-03-18 2020-03-25,Mississippi,0,0,0,0,0,0
586,2020-03-18 2020-03-25,Missouri,41,16,0,100,46,0
587,2020-03-18 2020-03-25,Montana,39,0,0,0,0,0
588,2020-03-18 2020-03-25,Nebraska,18,0,0,0,0,0
589,2020-03-18 2020-03-25,Nevada,22,93,78,0,0,0
590,2020-03-18 2020-03-25,New Hampshire,24,0,0,0,0,0
591,2020-03-18 2020-03-25,New Jersey,33,26,33,27,49,58
592,2020-03-18 2020-03-25,New Mexico,37,50,0,0,0,0
593,2020-03-18 2020-03-25,New York,39,18,15,19,29,53
594,2020-03-18 2020-03-25,North Carolina,25,0,22,0,49,29
595,2020-03-18 2020-03-25,North Dakota,100,0,0,0,0,0
596,2020-03-18 2020-03-25,Ohio,36,15,19,24,22,26
597,2020-03-18 2020-03-25,Oklahoma,38,30,0,0,0,0
598,2020-03-18 2020-03-25,Oregon,20,22,0,0,0,0
599,2020-03-18 2020-03-25,Pennsylvania,35,18,18,45,21,48
600,2020-03-18 2020-03-25,Rhode Island,43,79,0,0,0,0
601,2020-03-18 2020-03-25,South Carolina,18,20,0,0,0,0
602,2020-03-18 2020-03-25,South Dakota,48,0,0,0,0,0
603,2020-03-18 2020-03-25,Tennessee,45,29,73,45,0,48
604,2020-03-18 2020-03-25,Texas,36,25,39,29,35,15
605,2020-03-18 2020-03-25,Utah,25,27,0,0,0,0
606,2020-03-18 2020-03-25,Vermont,55,0,0,0,0,0
607,2020-03-18 2020-03-25,Virginia,29,33,0,30,27,0
608,2020-03-18 2020-03-25,Washington,24,18,30,37,34,0
609,2020-03-18 2020-03-25,West Virginia,50,69,0,0,0,0
610,2020-03-18 2020-03-25,Wisconsin,41,16,61,50,0,0
611,2020-03-18 2020-03-25,Wyoming,0,0,0,0,0,0
612,2020-03-25 2020-04-01,Alabama,31,0,37,0,0,0
613,2020-03-25 2020-04-01,Alaska,71,0,0,0,0,0
614,2020-03-25 2020-04-01,Arizona,23,43,0,18,0,100
615,2020-03-25 2020-04-01,Arkansas,18,100,0,0,0,0
616,2020-03-25 2020-04-01,California,37,18,15,9,49,25
617,2020-03-25 2020-04-01,Colorado,30,25,0,0,0,0
618,2020-03-25 2020-04-01,Connecticut,39,72,0,0,0,0
619,2020-03-25 2020-04-01,Delaware,0,0,0,0,0,0
620,2020-03-25 2020-04-01,District of Columbia,43,0,0,0,0,0
621,2020-03-25 2020-04-01,Florida,17,7,13,11,27,32
622,2020-03-25 2020-04-01,Georgia,24,32,18,32,0,0
623,2020-03-25 2020-04-01,Hawaii,32,0,0,100,0,0
624,2020-03-25 2020-04-01,Idaho,0,0,0,0,0,0
625,2020-03-25 2020-04-01,Illinois,20,16,10,0,0,0
626,2020-03-25 2020-04-01,Indiana,14,26,0,0,0,0
627,2020-03-25 2020-04-01,Iowa,30,55,0,0,0,0
628,2020-03-25 2020-04-01,Kansas,34,0,0,0,0,0
629,2020-03-25 2020-04-01,Kentucky,21,40,0,0,0,0
630,2020-03-25 2020-04-01,Louisiana,22,0,0,35,0,0
631,2020-03-25 2020-04-01,Maine,47,0,0,0,0,0
632,2020-03-25 2020-04-01,Maryland,24,44,85,18,0,0
633,2020-03-25 2020-04-01,Massachusetts,25,19,18,0,0,0
634,2020-03-25 2020-04-01,Michigan,24,15,14,0,0,69
635,2020-03-25 2020-04-01,Minnesota,14,26,25,22,0,0
636,2020-03-25 2020-04-01,Mississippi,20,0,0,0,0,0
637,2020-03-25 2020-04-01,Missouri,7,0,0,0,0,0
638,2020-03-25 2020-04-01,Montana,44,0,0,0,0,0
639,2020-03-25 2020-04-01,Nebraska,0,0,0,0,0,0
640,2020-03-25 2020-04-01,Nevada,41,0,49,85,0,0
641,2020-03-25 2020-04-01,New Hampshire,28,0,100,0,0,0
642,2020-03-25 2020-04-01,New Jersey,49,35,20,23,55,66
643,2020-03-25 2020-04-01,New Mexico,23,0,0,0,0,0
644,2020-03-25 2020-04-01,New York,28,30,13,17,0,0
645,2020-03-25 2020-04-01,North Carolina,6,14,0,12,0,65
646,2020-03-25 2020-04-01,North Dakota,0,0,0,0,0,0
647,2020-03-25 2020-04-01,Ohio,19,25,12,0,100,0
648,2020-03-25 2020-04-01,Oklahoma,20,49,0,0,0,0
649,2020-03-25 2020-04-01,Oregon,15,36,0,0,0,0
650,2020-03-25 2020-04-01,Pennsylvania,14,17,11,14,45,0
651,2020-03-25 2020-04-01,Rhode Island,0,0,0,0,0,0
652,2020-03-25 2020-04-01,South Carolina,18,33,32,0,0,0
653,2020-03-25 2020-04-01,South Dakota,56,0,0,0,0,0
654,2020-03-25 2020-04-01,Tennessee,19,0,23,20,0,0
655,2020-03-25 2020-04-01,Texas,26,17,0,4,0,23
656,2020-03-25 2020-04-01,Utah,18,0,0,0,0,0
657,2020-03-25 2020-04-01,Vermont,100,0,0,0,0,0
658,2020-03-25 2020-04-01,Virginia,15,16,15,0,0,0
659,2020-03-25 2020-04-01,Washington,21,0,0,16,0,0
660,2020-03-25 2020-04-01,West Virginia,0,0,0,0,0,0
661,2020-03-25 2020-04-01,Wisconsin,32,26,25,0,0,0
662,2020-03-25 2020-04-01,Wyoming,86,0,0,0,0,0
663,2020-04-01 2020-04-08,Alabama,23,0,0,0,0,0
664,2020-04-01 2020-04-08,Alaska,0,0,0,0,0,0
665,2020-04-01 2020-04-08,Arizona,73,16,0,18,0,100
666,2020-04-01 2020-04-08,Arkansas,40,0,0,0,0,0
667,2020-04-01 2020-04-08,California,54,10,55,6,27,0
668,2020-04-01 2020-04-08,Colorado,23,17,0,0,0,0
669,2020-04-01 2020-04-08,Connecticut,22,26,0,0,0,0
670,2020-04-01 2020-04-08,Delaware,99,0,0,0,0,0
671,2020-04-01 2020-04-08,District of Columbia,100,0,0,0,0,0
672,2020-04-01 2020-04-08,Florida,23,10,0,0,0,31
673,2020-04-01 2020-04-08,Georgia,24,10,37,0,50,60
674,2020-04-01 2020-04-08,Hawaii,74,86,0,100,0,0
675,2020-04-01 2020-04-08,Idaho,59,0,0,0,0,0
676,2020-04-01 2020-04-08,Illinois,37,8,30,9,0,0
677,2020-04-01 2020-04-08,Indiana,33,0,0,0,0,0
678,2020-04-01 2020-04-08,Iowa,36,0,0,0,0,0
679,2020-04-01 2020-04-08,Kansas,0,0,0,51,0,0
680,2020-04-01 2020-04-08,Kentucky,50,29,0,0,0,0
681,2020-04-01 2020-04-08,Louisiana,51,0,0,35,0,0
682,2020-04-01 2020-04-08,Maine,0,0,0,0,0,0
683,2020-04-01 2020-04-08,Maryland,55,16,62,0,0,0
684,2020-04-01 2020-04-08,Massachusetts,46,20,0,0,0,0
685,2020-04-01 2020-04-08,Michigan,40,0,45,0,0,0
686,2020-04-01 2020-04-08,Minnesota,32,18,0,0,0,0
687,2020-04-01 2020-04-08,Mississippi,46,0,0,0,0,0
688,2020-04-01 2020-04-08,Missouri,16,19,0,0,100,0
689,2020-04-01 2020-04-08,Montana,0,0,0,0,0,0
690,2020-04-01 2020-04-08,Nebraska,100,0,0,0,0,0
691,2020-04-01 2020-04-08,Nevada,62,37,0,0,0,0
692,2020-04-01 2020-04-08,New Hampshire,65,0,0,0,0,0
693,2020-04-01 2020-04-08,New Jersey,70,10,40,12,0,66
694,2020-04-01 2020-04-08,New Mexico,52,0,0,0,0,0
695,2020-04-01 2020-04-08,New York,37,14,53,5,0,0
696,2020-04-01 2020-04-08,North Carolina,26,10,39,0,0,0
697,2020-04-01 2020-04-08,North Dakota,0,0,0,0,0,0
698,2020-04-01 2020-04-08,Ohio,34,18,0,0,93,57
699,2020-04-01 2020-04-08,Oklahoma,30,0,0,0,0,0
700,2020-04-01 2020-04-08,Oregon,44,26,100,0,0,0
701,2020-04-01 2020-04-08,Pennsylvania,18,17,33,0,0,53
702,2020-04-01 2020-04-08,Rhode Island,0,0,0,0,0,0
703,2020-04-01 2020-04-08,South Carolina,63,0,0,0,0,0
704,2020-04-01 2020-04-08,South Dakota,0,0,0,0,0,0
705,2020-04-01 2020-04-08,Tennessee,15,0,0,0,0,0
706,2020-04-01 2020-04-08,Texas,37,11,14,4,0,35
707,2020-04-01 2020-04-08,Utah,29,100,0,0,0,0
708,2020-04-01 2020-04-08,Vermont,0,0,0,0,0,0
709,2020-04-01 2020-04-08,Virginia,39,0,45,0,60,0
710,2020-04-01 2020-04-08,Washington,18,0,54,0,0,0
711,2020-04-01 2020-04-08,West Virginia,71,0,0,0,0,0
712,2020-04-01 2020-04-08,Wisconsin,32,19,74,0,0,0
713,2020-04-01 2020-04-08,Wyoming,0,0,0,0,0,0
714,2020-04-08 2020-04-15,Alabama,23,0,0,0,0,0
715,2020-04-08 2020-04-15,Alaska,0,0,0,0,0,0
716,2020-04-08 2020-04-15,Arizona,14,18,28,0,0,100
717,2020-04-08 2020-04-15,Arkansas,0,0,0,0,0,0
718,2020-04-08 2020-04-15,California,36,9,7,9,18,24
719,2020-04-08 2020-04-15,Colorado,23,20,0,0,0,0
720,2020-04-08 2020-04-15,Connecticut,23,0,0,0,0,0
721,2020-04-08 2020-04-15,Delaware,0,0,100,0,0,0
722,2020-04-08 2020-04-15,District of Columbia,100,0,0,0,0,0
723,2020-04-08 2020-04-15,Florida,21,0,4,0,34,0
724,2020-04-08 2020-04-15,Georgia,20,11,8,0,0,60
725,2020-04-08 2020-04-15,Hawaii,74,100,0,0,0,0
726,2020-04-08 2020-04-15,Idaho,61,82,0,0,0,0
727,2020-04-08 2020-04-15,Illinois,43,0,13,0,0,48
728,2020-04-08 2020-04-15,Indiana,47,31,0,0,0,0
729,2020-04-08 2020-04-15,Iowa,35,0,0,0,0,0
730,2020-04-08 2020-04-15,Kansas,37,50,0,100,0,0
731,2020-04-08 2020-04-15,Kentucky,24,0,24,0,0,0
732,2020-04-08 2020-04-15,Louisiana,52,0,0,0,0,0
733,2020-04-08 2020-04-15,Maine,0,0,0,0,0,0
734,2020-04-08 2020-04-15,Maryland,14,0,0,0,0,0
735,2020-04-08 2020-04-15,Massachusetts,29,0,0,0,0,84
736,2020-04-08 2020-04-15,Michigan,28,0,0,0,0,0
737,2020-04-08 2020-04-15,Minnesota,32,0,0,0,0,0
738,2020-04-08 2020-04-15,Mississippi,0,62,0,0,0,0
739,2020-04-08 2020-04-15,Missouri,48,22,16,0,0,0
740,2020-04-08 2020-04-15,Montana,0,0,0,0,0,0
741,2020-04-08 2020-04-15,Nebraska,50,67,0,0,0,0
742,2020-04-08 2020-04-15,Nevada,79,43,32,0,0,0
743,2020-04-08 2020-04-15,New Hampshire,65,0,0,0,0,0
744,2020-04-08 2020-04-15,New Jersey,27,0,0,24,0,0
745,2020-04-08 2020-04-15,New Mexico,52,0,0,0,0,0
746,2020-04-08 2020-04-15,New York,40,5,0,11,33,0
747,2020-04-08 2020-04-15,North Carolina,43,0,0,0,0,0
748,2020-04-08 2020-04-15,North Dakota,0,0,0,0,0,0
749,2020-04-08 2020-04-15,Ohio,16,11,0,0,0,57
750,2020-04-08 2020-04-15,Oklahoma,29,0,0,0,0,0
751,2020-04-08 2020-04-15,Oregon,34,0,0,0,0,0
752,2020-04-08 2020-04-15,Pennsylvania,39,0,7,0,0,0
753,2020-04-08 2020-04-15,Rhode Island,79,0,0,0,0,0
754,2020-04-08 2020-04-15,South Carolina,0,28,0,0,0,0
755,2020-04-08 2020-04-15,South Dakota,0,0,0,0,0,0
756,2020-04-08 2020-04-15,Tennessee,30,0,0,0,0,0
757,2020-04-08 2020-04-15,Texas,19,4,6,8,0,0
758,2020-04-08 2020-04-15,Utah,0,0,29,0,0,0
759,2020-04-08 2020-04-15,Vermont,0,0,0,0,0,0
760,2020-04-08 2020-04-15,Virginia,10,13,0,0,0,72
761,2020-04-08 2020-04-15,Washington,25,0,0,0,100,0
762,2020-04-08 2020-04-15,West Virginia,71,0,0,0,0,0
763,2020-04-08 2020-04-15,Wisconsin,32,21,16,0,0,0
764,2020-04-08 2020-04-15,Wyoming,0,0,0,0,0,0
765,2020-04-15 2020-04-22,Alabama,0,50,0,0,0,0
766,2020-04-15 2020-04-22,Alaska,0,0,0,0,0,0
767,2020-04-15 2020-04-22,Arizona,13,30,0,0,0,0
768,2020-04-15 2020-04-22,Arkansas,26,0,0,0,0,0
769,2020-04-15 2020-04-22,California,12,14,19,11,0,15
770,2020-04-15 2020-04-22,Colorado,38,0,0,0,0,0
771,2020-04-15 2020-04-22,Connecticut,29,50,0,0,0,0
772,2020-04-15 2020-04-22,Delaware,0,0,0,0,0,0
773,2020-04-15 2020-04-22,District of Columbia,0,0,0,0,0,0
774,2020-04-15 2020-04-22,Florida,5,0,36,11,0,0
775,2020-04-15 2020-04-22,Georgia,10,18,71,22,0,0
776,2020-04-15 2020-04-22,Hawaii,47,0,0,0,0,0
777,2020-04-15 2020-04-22,Idaho,0,0,0,0,0,0
778,2020-04-15 2020-04-22,Illinois,10,14,0,0,66,0
779,2020-04-15 2020-04-22,Indiana,10,0,0,0,0,0
780,2020-04-15 2020-04-22,Iowa,44,0,0,0,0,0
781,2020-04-15 2020-04-22,Kansas,0,0,0,100,0,0
782,2020-04-15 2020-04-22,Kentucky,0,0,0,0,0,0
783,2020-04-15 2020-04-22,Louisiana,32,0,0,0,0,0
784,2020-04-15 2020-04-22,Maine,0,0,0,0,0,0
785,2020-04-15 2020-04-22,Maryland,13,0,0,0,0,0
786,2020-04-15 2020-04-22,Massachusetts,26,0,100,0,0,0
787,2020-04-15 2020-04-22,Michigan,12,0,0,0,0,0
788,2020-04-15 2020-04-22,Minnesota,10,35,0,0,0,0
789,2020-04-15 2020-04-22,Mississippi,0,100,0,0,0,0
790,2020-04-15 2020-04-22,Missouri,10,0,0,0,0,0
791,2020-04-15 2020-04-22,Montana,0,0,0,0,0,0
792,2020-04-15 2020-04-22,Nebraska,0,0,0,0,0,0
793,2020-04-15 2020-04-22,Nevada,30,0,0,81,0,0
794,2020-04-15 2020-04-22,New Hampshire,42,0,0,0,0,0
795,2020-04-15 2020-04-22,New Jersey,6,19,76,0,89,0
796,2020-04-15 2020-04-22,New Mexico,0,0,0,0,0,0
797,2020-04-15 2020-04-22,New York,9,0,70,0,0,27
798,2020-04-15 2020-04-22,North Carolina,5,0,0,0,0,0
799,2020-04-15 2020-04-22,North Dakota,0,0,0,0,0,0
800,2020-04-15 2020-04-22,Ohio,0,0,66,0,0,0
801,2020-04-15 2020-04-22,Oklahoma,0,0,0,0,0,0
802,2020-04-15 2020-04-22,Oregon,14,48,0,0,0,0
803,2020-04-15 2020-04-22,Pennsylvania,11,0,59,0,0,0
804,2020-04-15 2020-04-22,Rhode Island,0,0,0,0,0,0
805,2020-04-15 2020-04-22,South Carolina,13,0,0,54,0,0
806,2020-04-15 2020-04-22,South Dakota,86,0,0,0,0,0
807,2020-04-15 2020-04-22,Tennessee,9,32,0,39,0,100
808,2020-04-15 2020-04-22,Texas,7,0,0,0,63,0
809,2020-04-15 2020-04-22,Utah,18,0,0,0,0,0
810,2020-04-15 2020-04-22,Vermont,100,0,0,0,0,0
811,2020-04-15 2020-04-22,Virginia,9,0,86,0,100,0
812,2020-04-15 2020-04-22,Washington,8,0,0,32,0,0
813,2020-04-15 2020-04-22,West Virginia,0,0,0,0,0,0
814,2020-04-15 2020-04-22,Wisconsin,26,35,0,0,0,0
815,2020-04-15 2020-04-22,Wyoming,0,0,0,0,0,0
816,2020-04-22 2020-04-29,Alabama,31,0,0,0,0,0
817,2020-04-22 2020-04-29,Alaska,0,0,0,0,0,0
818,2020-04-22 2020-04-29,Arizona,0,0,0,0,0,0
819,2020-04-22 2020-04-29,Arkansas,0,0,0,0,0,0
820,2020-04-22 2020-04-29,California,9,20,14,0,0,0
821,2020-04-22 2020-04-29,Colorado,0,0,0,0,0,0
822,2020-04-22 2020-04-29,Connecticut,0,0,0,0,0,0
823,2020-04-22 2020-04-29,Delaware,0,0,0,0,0,0
824,2020-04-22 2020-04-29,District of Columbia,0,0,0,0,0,0
825,2020-04-22 2020-04-29,Florida,8,26,27,0,0,0
826,2020-04-22 2020-04-29,Georgia,23,0,0,0,0,0
827,2020-04-22 2020-04-29,Hawaii,100,0,0,0,0,0
828,2020-04-22 2020-04-29,Idaho,83,0,0,0,0,0
829,2020-04-22 2020-04-29,Illinois,17,0,0,0,0,0
830,2020-04-22 2020-04-29,Indiana,21,0,100,0,0,0
831,2020-04-22 2020-04-29,Iowa,0,0,0,0,0,0
832,2020-04-22 2020-04-29,Kansas,50,0,0,0,0,0
833,2020-04-22 2020-04-29,Kentucky,0,0,0,0,0,0
834,2020-04-22 2020-04-29,Louisiana,34,0,0,0,0,0
835,2020-04-22 2020-04-29,Maine,0,0,0,0,0,0
836,2020-04-22 2020-04-29,Maryland,18,0,0,0,0,0
837,2020-04-22 2020-04-29,Massachusetts,47,0,76,0,0,0
838,2020-04-22 2020-04-29,Michigan,19,0,0,0,0,0
839,2020-04-22 2020-04-29,Minnesota,0,0,0,0,0,0
840,2020-04-22 2020-04-29,Mississippi,0,0,0,0,0,0
841,2020-04-22 2020-04-29,Missouri,0,0,0,0,0,0
842,2020-04-22 2020-04-29,Montana,0,0,0,0,0,0
843,2020-04-22 2020-04-29,Nebraska,67,0,0,0,0,0
844,2020-04-22 2020-04-29,Nevada,42,0,0,0,0,0
845,2020-04-22 2020-04-29,New Hampshire,0,0,0,0,0,0
846,2020-04-22 2020-04-29,New Jersey,23,0,0,0,0,0
847,2020-04-22 2020-04-29,New Mexico,0,0,0,0,0,0
848,2020-04-22 2020-04-29,New York,11,25,26,100,0,0
849,2020-04-22 2020-04-29,North Carolina,21,0,0,0,0,0
850,2020-04-22 2020-04-29,North Dakota,0,0,0,0,0,0
851,2020-04-22 2020-04-29,Ohio,20,0,0,0,0,0
852,2020-04-22 2020-04-29,Oklahoma,0,0,0,0,0,0
853,2020-04-22 2020-04-29,Oregon,29,0,0,0,0,0
854,2020-04-22 2020-04-29,Pennsylvania,0,0,0,0,0,0
855,2020-04-22 2020-04-29,Rhode Island,0,0,0,0,0,0
856,2020-04-22 2020-04-29,South Carolina,0,0,0,0,0,0
857,2020-04-22 2020-04-29,South Dakota,0,0,0,0,0,0
858,2020-04-22 2020-04-29,Tennessee,20,0,0,0,0,0
859,2020-04-22 2020-04-29,Texas,4,0,0,0,0,0
860,2020-04-22 2020-04-29,Utah,40,0,0,0,0,0
861,2020-04-22 2020-04-29,Vermont,0,0,0,0,0,0
862,2020-04-22 2020-04-29,Virginia,20,0,0,0,0,0
863,2020-04-22 2020-04-29,Washington,0,0,0,0,0,0
864,2020-04-22 2020-04-29,West Virginia,0,0,0,0,0,0
865,2020-04-22 2020-04-29,Wisconsin,54,100,0,0,0,0
866,2020-04-22 2020-04-29,Wyoming,0,0,0,0,0,0
