week,State,wuhan virus lab,wuhan lab corona virus,virus lab in wuhan,wuhan bio lab,wuhan virology lab,wuhan p4 lab,wuhan level 4 lab,wuhan bsl-4 lab
2020-01-01 2020-01-08,Alabama,0,0,0,0,0,0,0,0
2020-01-01 2020-01-08,Alaska,0,0,0,0,0,0,0,0
2020-01-01 2020-01-08,Arizona,0,0,0,0,0,0,0,0
2020-01-01 2020-01-08,Arkansas,0,0,0,0,0,0,0,0
2020-01-01 2020-01-08,California,0,0,0,0,0,0,0,0
2020-01-01 2020-01-08,Colorado,0,0,0,0,0,0,0,0
2020-01-01 2020-01-08,Connecticut,0,0,0,0,0,0,0,0
2020-01-01 2020-01-08,Delaware,0,0,0,0,0,0,0,0
2020-01-01 2020-01-08,District of Columbia,0,0,0,0,0,0,0,0
2020-01-01 2020-01-08,Florida,0,0,0,0,0,0,0,0
2020-01-01 2020-01-08,Georgia,0,0,0,0,0,0,0,0
2020-01-01 2020-01-08,Hawaii,0,0,0,0,0,0,0,0
2020-01-01 2020-01-08,Idaho,0,0,0,0,0,0,0,0
2020-01-01 2020-01-08,Illinois,0,0,0,0,0,0,0,0
2020-01-01 2020-01-08,Indiana,0,0,0,0,0,0,0,0
2020-01-01 2020-01-08,Iowa,0,0,0,0,0,0,0,0
2020-01-01 2020-01-08,Kansas,0,0,0,0,0,0,0,0
2020-01-01 2020-01-08,Kentucky,0,0,0,0,0,0,0,0
2020-01-01 2020-01-08,Louisiana,0,0,0,0,0,0,0,0
2020-01-01 2020-01-08,Maine,0,0,0,0,0,0,0,0
2020-01-01 2020-01-08,Maryland,0,0,0,0,0,0,0,0
2020-01-01 2020-01-08,Massachusetts,0,0,0,0,0,0,0,0
2020-01-01 2020-01-08,Michigan,0,0,0,0,0,0,0,0
2020-01-01 2020-01-08,Minnesota,0,0,0,0,0,0,0,0
2020-01-01 2020-01-08,Mississippi,0,0,0,0,0,0,0,0
2020-01-01 2020-01-08,Missouri,0,0,0,0,0,0,0,0
2020-01-01 2020-01-08,Montana,0,0,0,0,0,0,0,0
2020-01-01 2020-01-08,Nebraska,0,0,0,0,0,0,0,0
2020-01-01 2020-01-08,Nevada,0,0,0,0,0,0,0,0
2020-01-01 2020-01-08,New Hampshire,0,0,0,0,0,0,0,0
2020-01-01 2020-01-08,New Jersey,0,0,0,0,0,0,0,0
2020-01-01 2020-01-08,New Mexico,0,0,0,0,0,0,0,0
2020-01-01 2020-01-08,New York,0,0,0,0,0,0,0,0
2020-01-01 2020-01-08,North Carolina,0,0,0,0,0,0,0,0
2020-01-01 2020-01-08,North Dakota,0,0,0,0,0,0,0,0
2020-01-01 2020-01-08,Ohio,0,0,0,0,0,0,0,0
2020-01-01 2020-01-08,Oklahoma,0,0,0,0,0,0,0,0
2020-01-01 2020-01-08,Oregon,0,0,0,0,0,0,0,0
2020-01-01 2020-01-08,Pennsylvania,0,0,0,0,0,0,0,0
2020-01-01 2020-01-08,Rhode Island,0,0,0,0,0,0,0,0
2020-01-01 2020-01-08,South Carolina,0,0,0,0,0,0,0,0
2020-01-01 2020-01-08,South Dakota,0,0,0,0,0,0,0,0
2020-01-01 2020-01-08,Tennessee,0,0,0,0,0,0,0,0
2020-01-01 2020-01-08,Texas,0,0,0,0,0,0,0,0
2020-01-01 2020-01-08,Utah,0,0,0,0,0,0,0,0
2020-01-01 2020-01-08,Vermont,0,0,0,0,0,0,0,0
2020-01-01 2020-01-08,Virginia,0,0,0,0,0,0,0,0
2020-01-01 2020-01-08,Washington,0,0,0,0,0,0,0,0
2020-01-01 2020-01-08,West Virginia,0,0,0,0,0,0,0,0
2020-01-01 2020-01-08,Wisconsin,0,0,0,0,0,0,0,0
2020-01-01 2020-01-08,Wyoming,0,0,0,0,0,0,0,0
2020-01-08 2020-01-15,Alabama,0,0,0,0,0,0,0,0
2020-01-08 2020-01-15,Alaska,0,0,0,0,0,0,0,0
2020-01-08 2020-01-15,Arizona,0,0,0,0,0,0,0,0
2020-01-08 2020-01-15,Arkansas,0,0,0,0,0,0,0,0
2020-01-08 2020-01-15,California,0,0,0,0,0,0,0,0
2020-01-08 2020-01-15,Colorado,0,0,0,0,0,0,0,0
2020-01-08 2020-01-15,Connecticut,0,0,0,0,0,0,0,0
2020-01-08 2020-01-15,Delaware,0,0,0,0,0,0,0,0
2020-01-08 2020-01-15,District of Columbia,0,0,0,0,0,0,0,0
2020-01-08 2020-01-15,Florida,0,0,0,0,0,0,0,0
2020-01-08 2020-01-15,Georgia,0,0,0,0,0,0,0,0
2020-01-08 2020-01-15,Hawaii,0,0,0,0,0,0,0,0
2020-01-08 2020-01-15,Idaho,0,0,0,0,0,0,0,0
2020-01-08 2020-01-15,Illinois,0,0,0,0,0,0,0,0
2020-01-08 2020-01-15,Indiana,0,0,0,0,0,0,0,0
2020-01-08 2020-01-15,Iowa,0,0,0,0,0,0,0,0
2020-01-08 2020-01-15,Kansas,0,0,0,0,0,0,0,0
2020-01-08 2020-01-15,Kentucky,0,0,0,0,0,0,0,0
2020-01-08 2020-01-15,Louisiana,0,0,0,0,0,0,0,0
2020-01-08 2020-01-15,Maine,0,0,0,0,0,0,0,0
2020-01-08 2020-01-15,Maryland,0,0,0,0,0,0,0,0
2020-01-08 2020-01-15,Massachusetts,0,0,0,0,0,0,0,0
2020-01-08 2020-01-15,Michigan,0,0,0,0,0,0,0,0
2020-01-08 2020-01-15,Minnesota,0,0,0,0,0,0,0,0
2020-01-08 2020-01-15,Mississippi,0,0,0,0,0,0,0,0
2020-01-08 2020-01-15,Missouri,0,0,0,0,0,0,0,0
2020-01-08 2020-01-15,Montana,0,0,0,0,0,0,0,0
2020-01-08 2020-01-15,Nebraska,0,0,0,0,0,0,0,0
2020-01-08 2020-01-15,Nevada,0,0,0,0,0,0,0,0
2020-01-08 2020-01-15,New Hampshire,0,0,0,0,0,0,0,0
2020-01-08 2020-01-15,New Jersey,0,0,0,0,0,0,0,0
2020-01-08 2020-01-15,New Mexico,0,0,0,0,0,0,0,0
2020-01-08 2020-01-15,New York,0,0,0,0,0,0,0,0
2020-01-08 2020-01-15,North Carolina,0,0,0,0,0,0,0,0
2020-01-08 2020-01-15,North Dakota,0,0,0,0,0,0,0,0
2020-01-08 2020-01-15,Ohio,0,0,0,0,0,0,0,0
2020-01-08 2020-01-15,Oklahoma,0,0,0,0,0,0,0,0
2020-01-08 2020-01-15,Oregon,0,0,0,0,0,0,0,0
2020-01-08 2020-01-15,Pennsylvania,0,0,0,0,0,0,0,0
2020-01-08 2020-01-15,Rhode Island,0,0,0,0,0,0,0,0
2020-01-08 2020-01-15,South Carolina,0,0,0,0,0,0,0,0
2020-01-08 2020-01-15,South Dakota,0,0,0,0,0,0,0,0
2020-01-08 2020-01-15,Tennessee,0,0,0,0,0,0,0,0
2020-01-08 2020-01-15,Texas,0,0,0,0,0,0,0,0
2020-01-08 2020-01-15,Utah,0,0,0,0,0,0,0,0
2020-01-08 2020-01-15,Vermont,0,0,0,0,0,0,0,0
2020-01-08 2020-01-15,Virginia,0,0,0,0,0,0,0,0
2020-01-08 2020-01-15,Washington,0,0,0,0,0,0,0,0
2020-01-08 2020-01-15,West Virginia,0,0,0,0,0,0,0,0
2020-01-08 2020-01-15,Wisconsin,0,0,0,0,0,0,0,0
2020-01-08 2020-01-15,Wyoming,0,0,0,0,0,0,0,0
2020-01-15 2020-01-22,Alabama,0,0,0,0,0,0,0,0
2020-01-15 2020-01-22,Alaska,0,0,0,0,0,0,0,0
2020-01-15 2020-01-22,Arizona,0,0,0,0,0,0,0,0
2020-01-15 2020-01-22,Arkansas,0,0,0,0,0,0,0,0
2020-01-15 2020-01-22,California,73,0,0,0,0,0,0,0
2020-01-15 2020-01-22,Colorado,0,0,0,0,0,0,0,0
2020-01-15 2020-01-22,Connecticut,0,0,0,0,0,0,0,0
2020-01-15 2020-01-22,Delaware,0,0,0,0,0,0,0,0
2020-01-15 2020-01-22,District of Columbia,0,0,0,0,0,0,0,0
2020-01-15 2020-01-22,Florida,0,0,0,0,0,0,0,0
2020-01-15 2020-01-22,Georgia,0,0,0,0,0,0,0,0
2020-01-15 2020-01-22,Hawaii,0,0,0,0,0,0,0,0
2020-01-15 2020-01-22,Idaho,0,0,0,0,0,0,0,0
2020-01-15 2020-01-22,Illinois,0,0,0,0,0,0,0,0
2020-01-15 2020-01-22,Indiana,0,0,0,0,0,0,0,0
2020-01-15 2020-01-22,Iowa,0,0,0,0,0,0,0,0
2020-01-15 2020-01-22,Kansas,0,0,0,0,0,0,0,0
2020-01-15 2020-01-22,Kentucky,0,0,0,0,0,0,0,0
2020-01-15 2020-01-22,Louisiana,0,0,0,0,0,0,0,0
2020-01-15 2020-01-22,Maine,0,0,0,0,0,0,0,0
2020-01-15 2020-01-22,Maryland,0,0,0,0,0,0,0,0
2020-01-15 2020-01-22,Massachusetts,0,0,0,0,0,0,0,0
2020-01-15 2020-01-22,Michigan,0,0,0,0,0,0,0,0
2020-01-15 2020-01-22,Minnesota,0,0,0,0,0,0,0,0
2020-01-15 2020-01-22,Mississippi,0,0,0,0,0,0,0,0
2020-01-15 2020-01-22,Missouri,0,0,0,0,0,0,0,0
2020-01-15 2020-01-22,Montana,0,0,0,0,0,0,0,0
2020-01-15 2020-01-22,Nebraska,0,0,0,0,0,0,0,0
2020-01-15 2020-01-22,Nevada,0,0,0,0,0,0,0,0
2020-01-15 2020-01-22,New Hampshire,0,0,0,0,0,0,0,0
2020-01-15 2020-01-22,New Jersey,0,0,0,0,0,0,0,0
2020-01-15 2020-01-22,New Mexico,0,0,0,0,0,0,0,0
2020-01-15 2020-01-22,New York,0,0,0,0,0,0,0,0
2020-01-15 2020-01-22,North Carolina,0,0,0,0,0,0,0,0
2020-01-15 2020-01-22,North Dakota,0,0,0,0,0,0,0,0
2020-01-15 2020-01-22,Ohio,0,0,0,0,0,0,0,0
2020-01-15 2020-01-22,Oklahoma,0,0,0,0,0,0,0,0
2020-01-15 2020-01-22,Oregon,0,0,0,0,0,0,0,0
2020-01-15 2020-01-22,Pennsylvania,0,0,0,0,0,0,0,0
2020-01-15 2020-01-22,Rhode Island,0,0,0,0,0,0,0,0
2020-01-15 2020-01-22,South Carolina,0,0,0,0,0,0,0,0
2020-01-15 2020-01-22,South Dakota,0,0,0,0,0,0,0,0
2020-01-15 2020-01-22,Tennessee,0,0,0,0,0,0,0,0
2020-01-15 2020-01-22,Texas,100,0,0,0,0,0,0,0
2020-01-15 2020-01-22,Utah,0,0,0,0,0,0,0,0
2020-01-15 2020-01-22,Vermont,0,0,0,0,0,0,0,0
2020-01-15 2020-01-22,Virginia,0,0,0,0,0,0,0,0
2020-01-15 2020-01-22,Washington,0,0,0,0,0,0,0,0
2020-01-15 2020-01-22,West Virginia,0,0,0,0,0,0,0,0
2020-01-15 2020-01-22,Wisconsin,0,0,0,0,0,0,0,0
2020-01-15 2020-01-22,Wyoming,0,0,0,0,0,0,0,0
2020-01-22 2020-01-29,Alabama,13,0,0,0,89,0,0,0
2020-01-22 2020-01-29,Alaska,0,0,0,0,0,0,0,0
2020-01-22 2020-01-29,Arizona,0,0,0,71,54,0,0,0
2020-01-22 2020-01-29,Arkansas,0,0,0,0,0,0,0,0
2020-01-22 2020-01-29,California,6,100,20,54,9,67,54,0
2020-01-22 2020-01-29,Colorado,0,0,0,0,0,0,0,0
2020-01-22 2020-01-29,Connecticut,14,0,0,0,0,0,0,0
2020-01-22 2020-01-29,Delaware,0,0,0,0,0,0,0,0
2020-01-22 2020-01-29,District of Columbia,0,0,0,0,0,0,0,0
2020-01-22 2020-01-29,Florida,7,0,28,22,17,0,100,0
2020-01-22 2020-01-29,Georgia,0,0,54,41,0,0,0,0
2020-01-22 2020-01-29,Hawaii,0,0,0,0,0,0,0,0
2020-01-22 2020-01-29,Idaho,39,0,0,0,0,0,0,0
2020-01-22 2020-01-29,Illinois,4,85,0,69,0,100,0,0
2020-01-22 2020-01-29,Indiana,19,0,0,82,0,0,0,0
2020-01-22 2020-01-29,Iowa,0,0,0,0,0,0,0,0
2020-01-22 2020-01-29,Kansas,0,0,0,0,0,0,0,0
2020-01-22 2020-01-29,Kentucky,14,0,0,0,0,0,0,0
2020-01-22 2020-01-29,Louisiana,0,0,0,0,100,0,0,0
2020-01-22 2020-01-29,Maine,0,0,0,0,0,0,0,0
2020-01-22 2020-01-29,Maryland,9,0,100,75,57,0,0,0
2020-01-22 2020-01-29,Massachusetts,7,0,82,62,0,0,0,0
2020-01-22 2020-01-29,Michigan,6,0,0,51,0,0,0,0
2020-01-22 2020-01-29,Minnesota,0,0,0,88,0,0,0,0
2020-01-22 2020-01-29,Mississippi,0,0,0,0,0,0,0,0
2020-01-22 2020-01-29,Missouri,0,0,0,80,61,0,0,0
2020-01-22 2020-01-29,Montana,0,0,0,0,0,0,0,0
2020-01-22 2020-01-29,Nebraska,0,0,0,0,0,0,0,0
2020-01-22 2020-01-29,Nevada,18,0,0,0,0,0,0,0
2020-01-22 2020-01-29,New Hampshire,0,0,0,0,0,0,0,0
2020-01-22 2020-01-29,New Jersey,0,0,0,100,0,0,0,0
2020-01-22 2020-01-29,New Mexico,31,0,0,0,0,0,0,0
2020-01-22 2020-01-29,New York,6,0,28,21,16,61,0,0
2020-01-22 2020-01-29,North Carolina,5,0,0,44,0,0,0,0
2020-01-22 2020-01-29,North Dakota,0,0,0,0,0,0,0,0
2020-01-22 2020-01-29,Ohio,5,100,53,41,0,0,0,0
2020-01-22 2020-01-29,Oklahoma,17,0,0,0,0,0,0,0
2020-01-22 2020-01-29,Oregon,13,0,0,0,0,0,0,0
2020-01-22 2020-01-29,Pennsylvania,4,0,0,37,0,0,0,0
2020-01-22 2020-01-29,Rhode Island,0,0,0,0,0,0,0,0
2020-01-22 2020-01-29,South Carolina,0,0,0,0,0,0,0,0
2020-01-22 2020-01-29,South Dakota,0,0,0,0,0,0,0,0
2020-01-22 2020-01-29,Tennessee,17,0,0,0,0,0,0,0
2020-01-22 2020-01-29,Texas,6,0,21,27,12,71,37,0
2020-01-22 2020-01-29,Utah,0,0,0,0,0,0,0,0
2020-01-22 2020-01-29,Vermont,100,0,0,0,0,0,0,0
2020-01-22 2020-01-29,Virginia,0,0,67,51,0,0,0,0
2020-01-22 2020-01-29,Washington,14,0,0,63,49,0,0,0
2020-01-22 2020-01-29,West Virginia,0,0,0,0,0,0,0,0
2020-01-22 2020-01-29,Wisconsin,10,0,0,0,0,0,0,0
2020-01-22 2020-01-29,Wyoming,0,0,0,0,0,0,0,0
2020-01-29 2020-02-05,Alabama,0,0,0,0,0,0,0,0
2020-01-29 2020-02-05,Alaska,0,0,0,0,0,0,0,0
2020-01-29 2020-02-05,Arizona,19,0,0,100,0,0,0,0
2020-01-29 2020-02-05,Arkansas,55,0,0,0,0,0,0,0
2020-01-29 2020-02-05,California,7,38,28,25,13,100,52,0
2020-01-29 2020-02-05,Colorado,0,0,0,56,0,0,0,0
2020-01-29 2020-02-05,Connecticut,0,0,0,85,0,0,0,0
2020-01-29 2020-02-05,Delaware,0,0,0,0,0,0,0,0
2020-01-29 2020-02-05,District of Columbia,0,0,0,0,0,0,0,0
2020-01-29 2020-02-05,Florida,0,35,100,23,0,0,57,0
2020-01-29 2020-02-05,Georgia,0,0,0,0,0,0,0,0
2020-01-29 2020-02-05,Hawaii,0,0,0,0,0,0,0,0
2020-01-29 2020-02-05,Idaho,0,0,0,0,0,0,0,0
2020-01-29 2020-02-05,Illinois,9,55,80,36,0,0,0,0
2020-01-29 2020-02-05,Indiana,0,0,0,58,0,0,0,0
2020-01-29 2020-02-05,Iowa,0,0,0,0,100,0,0,0
2020-01-29 2020-02-05,Kansas,0,0,0,0,0,0,0,0
2020-01-29 2020-02-05,Kentucky,0,0,0,0,0,0,0,0
2020-01-29 2020-02-05,Louisiana,34,0,0,0,0,0,0,0
2020-01-29 2020-02-05,Maine,0,0,0,0,0,0,0,0
2020-01-29 2020-02-05,Maryland,0,0,0,52,0,0,0,0
2020-01-29 2020-02-05,Massachusetts,16,100,0,65,35,0,0,0
2020-01-29 2020-02-05,Michigan,28,0,0,37,30,0,0,0
2020-01-29 2020-02-05,Minnesota,0,0,0,0,0,0,0,0
2020-01-29 2020-02-05,Mississippi,0,0,0,0,0,0,0,0
2020-01-29 2020-02-05,Missouri,0,0,0,59,0,0,0,0
2020-01-29 2020-02-05,Montana,0,0,0,0,0,0,0,0
2020-01-29 2020-02-05,Nebraska,0,0,0,0,0,0,0,0
2020-01-29 2020-02-05,Nevada,44,0,0,0,0,0,0,0
2020-01-29 2020-02-05,New Hampshire,100,0,0,0,0,0,0,0
2020-01-29 2020-02-05,New Jersey,13,0,0,35,28,0,0,0
2020-01-29 2020-02-05,New Mexico,0,0,0,0,0,0,0,0
2020-01-29 2020-02-05,New York,8,34,49,29,12,0,56,0
2020-01-29 2020-02-05,North Carolina,0,0,0,0,0,0,0,0
2020-01-29 2020-02-05,North Dakota,0,0,0,0,0,0,0,0
2020-01-29 2020-02-05,Ohio,0,0,0,55,0,0,0,0
2020-01-29 2020-02-05,Oklahoma,0,0,0,0,0,0,0,0
2020-01-29 2020-02-05,Oregon,0,0,0,0,0,0,0,0
2020-01-29 2020-02-05,Pennsylvania,10,61,0,26,22,0,100,0
2020-01-29 2020-02-05,Rhode Island,0,0,0,0,0,0,0,0
2020-01-29 2020-02-05,South Carolina,0,0,0,0,0,0,0,0
2020-01-29 2020-02-05,South Dakota,0,0,0,0,0,0,0,0
2020-01-29 2020-02-05,Tennessee,0,0,0,0,0,0,0,0
2020-01-29 2020-02-05,Texas,17,0,38,12,9,54,43,0
2020-01-29 2020-02-05,Utah,0,0,0,0,0,0,0,0
2020-01-29 2020-02-05,Vermont,0,0,0,0,0,0,0,0
2020-01-29 2020-02-05,Virginia,14,0,0,72,0,0,0,0
2020-01-29 2020-02-05,Washington,17,0,0,44,36,0,0,0
2020-01-29 2020-02-05,West Virginia,0,0,0,0,0,0,0,0
2020-01-29 2020-02-05,Wisconsin,23,0,0,0,0,0,0,0
2020-01-29 2020-02-05,Wyoming,0,0,0,0,0,0,0,0
2020-02-05 2020-02-12,Alabama,0,0,0,0,0,0,0,0
2020-02-05 2020-02-12,Alaska,0,0,0,0,0,0,0,0
2020-02-05 2020-02-12,Arizona,0,0,0,80,0,0,0,0
2020-02-05 2020-02-12,Arkansas,0,0,0,0,0,0,0,0
2020-02-05 2020-02-12,California,6,0,0,20,15,55,0,0
2020-02-05 2020-02-12,Colorado,41,0,0,0,0,0,0,0
2020-02-05 2020-02-12,Connecticut,0,0,0,0,0,0,0,0
2020-02-05 2020-02-12,Delaware,0,0,0,0,0,0,0,0
2020-02-05 2020-02-12,District of Columbia,100,0,0,0,0,0,0,0
2020-02-05 2020-02-12,Florida,0,0,0,24,0,100,0,0
2020-02-05 2020-02-12,Georgia,12,0,0,76,0,0,0,0
2020-02-05 2020-02-12,Hawaii,0,0,0,0,0,0,0,0
2020-02-05 2020-02-12,Idaho,0,0,0,0,0,0,0,0
2020-02-05 2020-02-12,Illinois,9,0,0,0,44,0,0,0
2020-02-05 2020-02-12,Indiana,0,0,0,0,0,0,0,0
2020-02-05 2020-02-12,Iowa,0,0,0,0,0,0,0,0
2020-02-05 2020-02-12,Kansas,0,0,0,0,0,0,0,0
2020-02-05 2020-02-12,Kentucky,0,0,0,0,0,0,0,0
2020-02-05 2020-02-12,Louisiana,0,0,0,0,0,0,0,0
2020-02-05 2020-02-12,Maine,0,0,0,0,0,0,0,0
2020-02-05 2020-02-12,Maryland,19,0,0,0,0,0,0,0
2020-02-05 2020-02-12,Massachusetts,0,0,0,0,0,0,0,0
2020-02-05 2020-02-12,Michigan,14,0,0,0,0,0,0,0
2020-02-05 2020-02-12,Minnesota,23,0,0,100,0,0,0,0
2020-02-05 2020-02-12,Mississippi,0,0,0,0,0,0,0,0
2020-02-05 2020-02-12,Missouri,22,0,0,95,0,0,0,0
2020-02-05 2020-02-12,Montana,0,0,0,0,0,0,0,0
2020-02-05 2020-02-12,Nebraska,0,0,0,0,0,0,0,0
2020-02-05 2020-02-12,Nevada,0,0,0,0,0,0,0,0
2020-02-05 2020-02-12,New Hampshire,0,0,0,0,0,0,0,0
2020-02-05 2020-02-12,New Jersey,13,0,100,57,0,0,0,0
2020-02-05 2020-02-12,New Mexico,69,0,0,0,0,0,0,0
2020-02-05 2020-02-12,New York,5,0,0,47,26,0,0,0
2020-02-05 2020-02-12,North Carolina,0,0,0,51,57,0,0,0
2020-02-05 2020-02-12,North Dakota,0,0,0,0,0,0,0,0
2020-02-05 2020-02-12,Ohio,0,0,0,0,100,0,0,0
2020-02-05 2020-02-12,Oklahoma,41,0,0,0,0,0,0,0
2020-02-05 2020-02-12,Oregon,0,0,0,0,0,0,0,0
2020-02-05 2020-02-12,Pennsylvania,10,100,0,0,49,0,0,0
2020-02-05 2020-02-12,Rhode Island,0,0,0,0,0,0,0,0
2020-02-05 2020-02-12,South Carolina,28,0,0,0,0,0,0,0
2020-02-05 2020-02-12,South Dakota,0,0,0,0,0,0,0,0
2020-02-05 2020-02-12,Tennessee,0,0,0,0,0,0,0,0
2020-02-05 2020-02-12,Texas,0,0,0,37,0,0,0,0
2020-02-05 2020-02-12,Utah,0,0,0,0,0,0,0,0
2020-02-05 2020-02-12,Vermont,0,0,0,0,0,0,0,0
2020-02-05 2020-02-12,Virginia,14,0,0,60,0,0,0,0
2020-02-05 2020-02-12,Washington,0,0,0,73,0,0,0,0
2020-02-05 2020-02-12,West Virginia,0,0,0,0,0,0,0,0
2020-02-05 2020-02-12,Wisconsin,23,0,0,0,0,0,0,0
2020-02-05 2020-02-12,Wyoming,0,0,0,0,0,0,0,0
2020-02-12 2020-02-19,Alabama,0,0,0,0,0,0,0,0
2020-02-12 2020-02-19,Alaska,0,0,0,0,0,0,0,0
2020-02-12 2020-02-19,Arizona,0,0,0,0,0,0,0,0
2020-02-12 2020-02-19,Arkansas,0,0,0,0,0,0,0,0
2020-02-12 2020-02-19,California,8,99,16,13,19,100,0,0
2020-02-12 2020-02-19,Colorado,13,0,0,93,0,0,0,0
2020-02-12 2020-02-19,Connecticut,0,0,0,0,100,0,0,0
2020-02-12 2020-02-19,Delaware,0,0,0,0,0,0,0,0
2020-02-12 2020-02-19,District of Columbia,0,0,0,0,0,0,0,0
2020-02-12 2020-02-19,Florida,7,71,0,24,17,0,0,0
2020-02-12 2020-02-19,Georgia,0,0,0,0,36,0,0,0
2020-02-12 2020-02-19,Hawaii,0,0,0,0,0,0,0,0
2020-02-12 2020-02-19,Idaho,0,0,0,0,0,0,0,0
2020-02-12 2020-02-19,Illinois,6,0,46,39,27,0,0,0
2020-02-12 2020-02-19,Indiana,14,0,0,0,63,0,0,0
2020-02-12 2020-02-19,Iowa,0,0,0,0,0,0,0,0
2020-02-12 2020-02-19,Kansas,0,0,0,0,0,0,0,0
2020-02-12 2020-02-19,Kentucky,0,0,0,0,0,0,0,0
2020-02-12 2020-02-19,Louisiana,0,0,0,0,0,0,0,0
2020-02-12 2020-02-19,Maine,0,0,0,0,0,0,0,0
2020-02-12 2020-02-19,Maryland,0,0,100,0,0,0,0,0
2020-02-12 2020-02-19,Massachusetts,11,0,0,73,50,0,0,0
2020-02-12 2020-02-19,Michigan,9,0,72,61,0,0,0,0
2020-02-12 2020-02-19,Minnesota,15,0,0,100,68,0,0,0
2020-02-12 2020-02-19,Mississippi,0,0,0,0,0,0,0,0
2020-02-12 2020-02-19,Missouri,0,0,0,0,0,0,0,0
2020-02-12 2020-02-19,Montana,100,0,0,0,0,0,0,0
2020-02-12 2020-02-19,Nebraska,0,0,0,0,0,0,0,0
2020-02-12 2020-02-19,Nevada,0,0,0,0,0,0,0,0
2020-02-12 2020-02-19,New Hampshire,0,0,0,0,0,0,0,0
2020-02-12 2020-02-19,New Jersey,9,0,0,0,0,0,0,0
2020-02-12 2020-02-19,New Mexico,0,0,0,0,0,0,0,0
2020-02-12 2020-02-19,New York,7,100,0,23,16,0,0,0
2020-02-12 2020-02-19,North Carolina,7,0,0,0,0,0,0,0
2020-02-12 2020-02-19,North Dakota,0,0,0,0,0,0,0,0
2020-02-12 2020-02-19,Ohio,7,0,53,45,0,0,0,0
2020-02-12 2020-02-19,Oklahoma,0,0,0,0,0,0,0,0
2020-02-12 2020-02-19,Oregon,0,0,0,0,0,0,0,0
2020-02-12 2020-02-19,Pennsylvania,6,0,51,0,0,0,0,0
2020-02-12 2020-02-19,Rhode Island,0,0,0,0,0,0,0,0
2020-02-12 2020-02-19,South Carolina,18,0,0,0,83,0,0,0
2020-02-12 2020-02-19,South Dakota,0,0,0,0,0,0,0,0
2020-02-12 2020-02-19,Tennessee,0,0,0,0,0,0,0,0
2020-02-12 2020-02-19,Texas,3,0,0,19,0,70,100,0
2020-02-12 2020-02-19,Utah,0,0,0,0,0,0,0,0
2020-02-12 2020-02-19,Vermont,0,0,0,0,0,0,0,0
2020-02-12 2020-02-19,Virginia,13,0,71,61,0,0,0,0
2020-02-12 2020-02-19,Washington,0,0,0,0,0,0,0,0
2020-02-12 2020-02-19,West Virginia,0,0,0,0,0,0,0,0
2020-02-12 2020-02-19,Wisconsin,14,0,0,0,0,0,0,0
2020-02-12 2020-02-19,Wyoming,0,0,0,0,0,0,0,0
2020-02-19 2020-02-26,Alabama,0,0,0,0,0,0,0,0
2020-02-19 2020-02-26,Alaska,0,0,0,0,0,0,0,0
2020-02-19 2020-02-26,Arizona,16,0,0,0,0,0,0,0
2020-02-19 2020-02-26,Arkansas,0,0,0,0,0,0,0,0
2020-02-19 2020-02-26,California,8,31,18,17,21,50,55,0
2020-02-19 2020-02-26,Colorado,0,0,0,0,98,0,0,0
2020-02-19 2020-02-26,Connecticut,0,0,0,94,0,0,0,0
2020-02-19 2020-02-26,Delaware,0,0,0,0,0,0,0,0
2020-02-19 2020-02-26,District of Columbia,0,0,0,0,0,0,0,0
2020-02-19 2020-02-26,Florida,5,55,0,16,0,0,100,0
2020-02-19 2020-02-26,Georgia,0,0,0,0,0,0,0,0
2020-02-19 2020-02-26,Hawaii,0,0,0,0,0,0,0,0
2020-02-19 2020-02-26,Idaho,0,0,0,0,0,0,0,0
2020-02-19 2020-02-26,Illinois,0,0,54,0,0,100,0,0
2020-02-19 2020-02-26,Indiana,19,0,0,62,100,0,0,0
2020-02-19 2020-02-26,Iowa,42,0,0,0,0,0,0,0
2020-02-19 2020-02-26,Kansas,0,0,0,0,0,0,0,0
2020-02-19 2020-02-26,Kentucky,0,0,0,0,0,0,0,0
2020-02-19 2020-02-26,Louisiana,31,0,0,0,0,0,0,0
2020-02-19 2020-02-26,Maine,100,0,0,0,0,0,0,0
2020-02-19 2020-02-26,Maryland,0,0,0,54,0,0,0,0
2020-02-19 2020-02-26,Massachusetts,15,0,0,47,0,0,0,0
2020-02-19 2020-02-26,Michigan,12,0,0,40,0,0,0,0
2020-02-19 2020-02-26,Minnesota,0,0,0,100,0,0,0,0
2020-02-19 2020-02-26,Mississippi,0,0,0,0,0,0,0,0
2020-02-19 2020-02-26,Missouri,0,0,0,0,0,0,0,0
2020-02-19 2020-02-26,Montana,0,0,0,0,0,0,0,0
2020-02-19 2020-02-26,Nebraska,0,0,0,0,0,0,0,0
2020-02-19 2020-02-26,Nevada,0,0,0,0,0,0,0,0
2020-02-19 2020-02-26,New Hampshire,0,0,0,0,0,0,0,0
2020-02-19 2020-02-26,New Jersey,12,0,0,0,61,0,0,0
2020-02-19 2020-02-26,New Mexico,62,0,0,0,0,0,0,0
2020-02-19 2020-02-26,New York,7,53,0,15,25,0,0,0
2020-02-19 2020-02-26,North Carolina,14,0,64,31,0,0,0,0
2020-02-19 2020-02-26,North Dakota,0,0,0,0,0,0,0,0
2020-02-19 2020-02-26,Ohio,0,0,0,59,0,0,0,0
2020-02-19 2020-02-26,Oklahoma,0,0,0,0,0,0,0,0
2020-02-19 2020-02-26,Oregon,0,0,0,0,0,0,0,0
2020-02-19 2020-02-26,Pennsylvania,0,100,0,29,46,0,0,0
2020-02-19 2020-02-26,Rhode Island,0,0,0,0,0,0,0,0
2020-02-19 2020-02-26,South Carolina,0,0,0,0,0,0,0,0
2020-02-19 2020-02-26,South Dakota,0,0,0,0,0,0,0,0
2020-02-19 2020-02-26,Tennessee,0,0,0,0,0,0,0,0
2020-02-19 2020-02-26,Texas,0,0,0,0,0,0,0,0
2020-02-19 2020-02-26,Utah,0,0,0,0,0,0,0,0
2020-02-19 2020-02-26,Vermont,0,0,0,0,0,0,0,0
2020-02-19 2020-02-26,Virginia,12,0,0,39,64,0,0,0
2020-02-19 2020-02-26,Washington,15,0,100,0,0,0,0,0
2020-02-19 2020-02-26,West Virginia,0,0,0,0,0,0,0,0
2020-02-19 2020-02-26,Wisconsin,20,0,0,0,0,0,0,0
2020-02-19 2020-02-26,Wyoming,0,0,0,0,0,0,0,0
2020-02-26 2020-03-04,Alabama,0,0,0,0,0,0,0,0
2020-02-26 2020-03-04,Alaska,0,0,0,0,0,0,0,0
2020-02-26 2020-03-04,Arizona,17,0,0,0,0,0,0,0
2020-02-26 2020-03-04,Arkansas,0,0,0,0,0,0,0,0
2020-02-26 2020-03-04,California,6,15,13,10,6,100,28,0
2020-02-26 2020-03-04,Colorado,20,0,0,0,0,0,0,0
2020-02-26 2020-03-04,Connecticut,0,0,0,0,0,0,0,0
2020-02-26 2020-03-04,Delaware,0,0,0,0,0,0,0,0
2020-02-26 2020-03-04,District of Columbia,0,0,0,0,0,0,0,0
2020-02-26 2020-03-04,Florida,9,28,0,14,12,0,0,0
2020-02-26 2020-03-04,Georgia,0,0,0,29,0,0,0,0
2020-02-26 2020-03-04,Hawaii,94,0,0,0,0,0,0,0
2020-02-26 2020-03-04,Idaho,0,0,0,0,0,0,0,0
2020-02-26 2020-03-04,Illinois,8,46,100,0,0,0,0,0
2020-02-26 2020-03-04,Indiana,0,0,0,54,0,0,0,0
2020-02-26 2020-03-04,Iowa,0,0,0,0,100,0,0,0
2020-02-26 2020-03-04,Kansas,0,0,0,0,0,0,0,0
2020-02-26 2020-03-04,Kentucky,50,0,0,0,0,0,0,0
2020-02-26 2020-03-04,Louisiana,0,0,0,0,0,0,0,0
2020-02-26 2020-03-04,Maine,100,0,0,0,0,0,0,0
2020-02-26 2020-03-04,Maryland,17,0,82,48,0,0,0,0
2020-02-26 2020-03-04,Massachusetts,22,0,0,0,33,0,0,0
2020-02-26 2020-03-04,Michigan,0,0,0,35,0,0,0,0
2020-02-26 2020-03-04,Minnesota,0,0,0,0,48,0,0,0
2020-02-26 2020-03-04,Mississippi,0,0,0,0,0,0,0,0
2020-02-26 2020-03-04,Missouri,0,0,0,0,48,0,0,0
2020-02-26 2020-03-04,Montana,0,0,0,0,0,0,0,0
2020-02-26 2020-03-04,Nebraska,0,0,0,0,0,0,0,0
2020-02-26 2020-03-04,Nevada,40,0,0,0,0,0,0,0
2020-02-26 2020-03-04,New Hampshire,0,0,0,0,0,0,0,0
2020-02-26 2020-03-04,New Jersey,12,100,58,0,28,0,0,0
2020-02-26 2020-03-04,New Mexico,0,0,0,0,0,0,0,0
2020-02-26 2020-03-04,New York,12,0,23,14,17,0,100,0
2020-02-26 2020-03-04,North Carolina,22,59,0,0,24,0,0,0
2020-02-26 2020-03-04,North Dakota,0,0,0,0,0,0,0,0
2020-02-26 2020-03-04,Ohio,10,0,0,39,0,0,0,0
2020-02-26 2020-03-04,Oklahoma,0,0,0,0,0,0,0,0
2020-02-26 2020-03-04,Oregon,0,0,0,0,65,0,0,0
2020-02-26 2020-03-04,Pennsylvania,9,0,0,25,0,0,93,0
2020-02-26 2020-03-04,Rhode Island,0,0,0,0,0,0,0,0
2020-02-26 2020-03-04,South Carolina,0,0,0,0,60,0,0,0
2020-02-26 2020-03-04,South Dakota,0,0,0,0,0,0,0,0
2020-02-26 2020-03-04,Tennessee,18,0,0,100,0,0,0,0
2020-02-26 2020-03-04,Texas,8,0,18,0,0,0,0,0
2020-02-26 2020-03-04,Utah,0,0,0,0,0,0,0,0
2020-02-26 2020-03-04,Vermont,0,0,0,0,0,0,0,0
2020-02-26 2020-03-04,Virginia,13,0,62,0,0,0,0,0
2020-02-26 2020-03-04,Washington,0,0,71,55,0,0,0,0
2020-02-26 2020-03-04,West Virginia,0,0,0,0,0,0,0,0
2020-02-26 2020-03-04,Wisconsin,22,0,0,0,0,0,0,0
2020-02-26 2020-03-04,Wyoming,0,0,0,0,0,0,0,0
2020-03-04 2020-03-11,Alabama,0,0,0,0,0,0,0,0
2020-03-04 2020-03-11,Alaska,0,0,0,0,0,0,0,0
2020-03-04 2020-03-11,Arizona,12,0,0,80,0,0,0,0
2020-03-04 2020-03-11,Arkansas,35,0,0,0,0,0,0,0
2020-03-04 2020-03-11,California,6,0,16,21,5,0,0,0
2020-03-04 2020-03-11,Colorado,13,0,0,90,0,0,0,0
2020-03-04 2020-03-11,Connecticut,21,0,0,0,0,0,0,0
2020-03-04 2020-03-11,Delaware,0,0,0,0,0,0,0,0
2020-03-04 2020-03-11,District of Columbia,0,0,0,0,0,0,0,0
2020-03-04 2020-03-11,Florida,4,34,31,0,18,100,62,0
2020-03-04 2020-03-11,Georgia,14,0,0,46,0,0,0,0
2020-03-04 2020-03-11,Hawaii,0,0,0,0,0,0,0,0
2020-03-04 2020-03-11,Idaho,56,0,0,0,0,0,0,0
2020-03-04 2020-03-11,Illinois,0,0,100,0,0,0,100,0
2020-03-04 2020-03-11,Indiana,14,0,0,0,0,0,0,0
2020-03-04 2020-03-11,Iowa,0,0,0,0,0,0,0,0
2020-03-04 2020-03-11,Kansas,0,0,0,0,0,0,0,0
2020-03-04 2020-03-11,Kentucky,0,0,0,0,0,0,0,0
2020-03-04 2020-03-11,Louisiana,0,0,0,0,0,0,0,0
2020-03-04 2020-03-11,Maine,0,0,0,0,0,0,0,0
2020-03-04 2020-03-11,Maryland,12,0,0,82,0,0,0,0
2020-03-04 2020-03-11,Massachusetts,10,100,0,0,0,0,0,0
2020-03-04 2020-03-11,Michigan,9,0,0,0,22,0,0,0
2020-03-04 2020-03-11,Minnesota,0,0,0,0,0,0,0,0
2020-03-04 2020-03-11,Mississippi,0,0,0,0,0,0,0,0
2020-03-04 2020-03-11,Missouri,0,0,0,0,0,0,0,0
2020-03-04 2020-03-11,Montana,100,0,0,0,0,0,0,0
2020-03-04 2020-03-11,Nebraska,0,0,0,0,0,0,0,0
2020-03-04 2020-03-11,Nevada,27,0,0,0,0,0,0,0
2020-03-04 2020-03-11,New Hampshire,0,0,0,0,0,0,0,0
2020-03-04 2020-03-11,New Jersey,8,0,0,56,0,0,0,0
2020-03-04 2020-03-11,New Mexico,0,0,0,0,0,0,0,0
2020-03-04 2020-03-11,New York,3,33,30,23,9,47,60,0
2020-03-04 2020-03-11,North Carolina,0,0,0,100,19,0,0,0
2020-03-04 2020-03-11,North Dakota,0,0,0,0,0,0,0,0
2020-03-04 2020-03-11,Ohio,7,0,0,0,0,0,0,0
2020-03-04 2020-03-11,Oklahoma,0,0,0,0,0,0,0,0
2020-03-04 2020-03-11,Oregon,0,0,0,0,100,0,0,0
2020-03-04 2020-03-11,Pennsylvania,6,62,0,86,0,0,0,0
2020-03-04 2020-03-11,Rhode Island,72,0,0,0,0,0,0,0
2020-03-04 2020-03-11,South Carolina,18,0,0,0,0,0,0,0
2020-03-04 2020-03-11,South Dakota,0,0,0,0,0,0,0,0
2020-03-04 2020-03-11,Tennessee,0,0,0,0,0,0,0,0
2020-03-04 2020-03-11,Texas,3,26,48,19,7,0,48,0
2020-03-04 2020-03-11,Utah,26,0,0,0,0,0,0,0
2020-03-04 2020-03-11,Vermont,0,0,0,0,0,0,0,0
2020-03-04 2020-03-11,Virginia,0,0,0,0,0,0,0,0
2020-03-04 2020-03-11,Washington,21,0,91,0,0,0,0,0
2020-03-04 2020-03-11,West Virginia,0,0,0,0,0,0,0,0
2020-03-04 2020-03-11,Wisconsin,15,0,0,0,0,0,0,0
2020-03-04 2020-03-11,Wyoming,0,0,0,0,0,0,0,0
2020-03-11 2020-03-18,Alabama,0,0,0,0,0,0,0,0
2020-03-11 2020-03-18,Alaska,0,0,0,0,0,0,0,0
2020-03-11 2020-03-18,Arizona,32,0,0,68,0,0,0,0
2020-03-11 2020-03-18,Arkansas,0,0,0,0,100,0,0,0
2020-03-11 2020-03-18,California,9,30,19,26,13,51,0,0
2020-03-11 2020-03-18,Colorado,54,0,0,100,0,0,0,0
2020-03-11 2020-03-18,Connecticut,0,0,0,79,61,0,0,0
2020-03-11 2020-03-18,Delaware,0,0,0,0,0,0,0,0
2020-03-11 2020-03-18,District of Columbia,95,0,0,0,0,0,0,0
2020-03-11 2020-03-18,Florida,12,52,56,21,10,100,0,0
2020-03-11 2020-03-18,Georgia,13,0,53,26,20,0,0,0
2020-03-11 2020-03-18,Hawaii,0,0,0,0,0,0,0,0
2020-03-11 2020-03-18,Idaho,74,0,0,0,0,0,0,0
2020-03-11 2020-03-18,Illinois,16,0,58,0,25,0,44,0
2020-03-11 2020-03-18,Indiana,29,0,0,0,0,0,0,0
2020-03-11 2020-03-18,Iowa,43,0,0,0,91,0,0,0
2020-03-11 2020-03-18,Kansas,71,0,0,0,0,0,0,0
2020-03-11 2020-03-18,Kentucky,29,0,0,0,0,0,0,0
2020-03-11 2020-03-18,Louisiana,0,0,0,0,0,0,0,0
2020-03-11 2020-03-18,Maine,0,0,0,0,0,0,0,0
2020-03-11 2020-03-18,Maryland,17,0,0,0,0,0,0,0
2020-03-11 2020-03-18,Massachusetts,21,100,80,0,0,0,0,0
2020-03-11 2020-03-18,Michigan,35,84,67,33,25,0,0,0
2020-03-11 2020-03-18,Minnesota,20,0,0,55,42,0,0,0
2020-03-11 2020-03-18,Mississippi,0,0,0,0,0,0,0,0
2020-03-11 2020-03-18,Missouri,0,0,0,56,0,0,0,0
2020-03-11 2020-03-18,Montana,0,0,0,0,0,0,0,0
2020-03-11 2020-03-18,Nebraska,0,0,0,0,0,0,0,0
2020-03-11 2020-03-18,Nevada,72,0,0,0,0,0,0,0
2020-03-11 2020-03-18,New Hampshire,0,0,0,0,0,0,0,0
2020-03-11 2020-03-18,New Jersey,22,76,0,30,0,0,0,0
2020-03-11 2020-03-18,New Mexico,0,0,0,0,0,0,0,0
2020-03-11 2020-03-18,New York,12,33,0,0,10,93,39,0
2020-03-11 2020-03-18,North Carolina,11,0,0,30,23,0,0,0
2020-03-11 2020-03-18,North Dakota,0,0,0,0,0,0,0,0
2020-03-11 2020-03-18,Ohio,13,63,51,50,29,0,0,0
2020-03-11 2020-03-18,Oklahoma,0,0,0,0,0,0,0,0
2020-03-11 2020-03-18,Oregon,26,0,0,0,0,0,0,0
2020-03-11 2020-03-18,Pennsylvania,22,94,0,49,19,0,100,0
2020-03-11 2020-03-18,Rhode Island,100,0,0,0,0,0,0,0
2020-03-11 2020-03-18,South Carolina,0,0,0,0,54,0,0,0
2020-03-11 2020-03-18,South Dakota,0,0,0,0,0,0,0,0
2020-03-11 2020-03-18,Tennessee,0,0,0,49,38,0,0,0
2020-03-11 2020-03-18,Texas,5,28,44,16,8,0,22,0
2020-03-11 2020-03-18,Utah,0,0,0,0,0,0,0,0
2020-03-11 2020-03-18,Vermont,0,0,0,0,0,0,0,0
2020-03-11 2020-03-18,Virginia,18,0,100,33,25,0,0,0
2020-03-11 2020-03-18,Washington,21,0,79,53,30,0,0,0
2020-03-11 2020-03-18,West Virginia,0,0,0,0,0,0,0,0
2020-03-11 2020-03-18,Wisconsin,20,0,0,55,0,0,0,0
2020-03-11 2020-03-18,Wyoming,0,0,0,0,0,0,0,0
2020-03-18 2020-03-25,Alabama,21,0,0,0,0,0,0,0
2020-03-18 2020-03-25,Alaska,0,0,0,0,0,0,0,0
2020-03-18 2020-03-25,Arizona,25,0,0,75,0,0,0,0
2020-03-18 2020-03-25,Arkansas,0,0,0,0,0,0,0,0
2020-03-18 2020-03-25,California,2,12,37,44,8,0,54,0
2020-03-18 2020-03-25,Colorado,14,0,88,85,0,0,0,0
2020-03-18 2020-03-25,Connecticut,21,0,0,0,64,0,0,0
2020-03-18 2020-03-25,Delaware,0,0,0,0,0,0,0,0
2020-03-18 2020-03-25,District of Columbia,86,0,0,0,0,0,0,0
2020-03-18 2020-03-25,Florida,8,23,24,23,12,0,0,0
2020-03-18 2020-03-25,Georgia,7,0,0,43,22,0,0,0
2020-03-18 2020-03-25,Hawaii,0,0,0,0,0,0,0,0
2020-03-18 2020-03-25,Idaho,0,0,0,0,0,0,0,0
2020-03-18 2020-03-25,Illinois,6,0,0,55,37,0,0,0
2020-03-18 2020-03-25,Indiana,0,0,0,0,90,0,0,0
2020-03-18 2020-03-25,Iowa,0,0,0,0,100,0,0,0
2020-03-18 2020-03-25,Kansas,36,0,0,0,0,0,0,0
2020-03-18 2020-03-25,Kentucky,22,0,0,0,67,0,0,0
2020-03-18 2020-03-25,Louisiana,0,0,0,0,72,0,0,0
2020-03-18 2020-03-25,Maine,0,0,0,0,0,0,0,0
2020-03-18 2020-03-25,Maryland,0,0,0,77,0,0,0,0
2020-03-18 2020-03-25,Massachusetts,11,64,100,0,0,0,0,0
2020-03-18 2020-03-25,Michigan,8,100,53,51,26,0,0,0
2020-03-18 2020-03-25,Minnesota,15,0,0,88,46,0,0,0
2020-03-18 2020-03-25,Mississippi,0,0,0,0,0,0,0,0
2020-03-18 2020-03-25,Missouri,0,0,93,0,0,0,0,0
2020-03-18 2020-03-25,Montana,100,0,0,0,0,0,0,0
2020-03-18 2020-03-25,Nebraska,45,0,0,0,0,0,0,0
2020-03-18 2020-03-25,Nevada,29,0,0,0,0,0,0,0
2020-03-18 2020-03-25,New Hampshire,61,0,0,0,0,0,0,0
2020-03-18 2020-03-25,New Jersey,16,47,50,48,25,0,0,0
2020-03-18 2020-03-25,New Mexico,0,0,0,0,0,0,0,0
2020-03-18 2020-03-25,New York,7,44,38,45,11,0,100,0
2020-03-18 2020-03-25,North Carolina,16,0,0,0,0,0,0,0
2020-03-18 2020-03-25,North Dakota,0,0,0,0,0,0,0,0
2020-03-18 2020-03-25,Ohio,21,0,44,0,22,0,0,0
2020-03-18 2020-03-25,Oklahoma,28,0,0,0,0,0,0,0
2020-03-18 2020-03-25,Oregon,21,0,0,0,0,0,0,0
2020-03-18 2020-03-25,Pennsylvania,7,0,42,40,20,0,0,0
2020-03-18 2020-03-25,Rhode Island,0,0,0,0,0,0,0,0
2020-03-18 2020-03-25,South Carolina,0,0,0,0,0,0,0,0
2020-03-18 2020-03-25,South Dakota,0,0,0,0,0,0,0,0
2020-03-18 2020-03-25,Tennessee,13,0,0,0,0,0,0,0
2020-03-18 2020-03-25,Texas,4,0,36,29,13,0,77,0
2020-03-18 2020-03-25,Utah,25,0,0,0,0,0,0,0
2020-03-18 2020-03-25,Vermont,0,0,0,0,0,0,0,0
2020-03-18 2020-03-25,Virginia,12,0,0,0,0,0,0,0
2020-03-18 2020-03-25,Washington,11,0,0,100,0,0,0,0
2020-03-18 2020-03-25,West Virginia,0,0,0,0,0,0,0,0
2020-03-18 2020-03-25,Wisconsin,15,0,0,0,0,0,0,0
2020-03-18 2020-03-25,Wyoming,0,0,0,0,0,0,0,0
2020-03-25 2020-04-01,Alabama,32,0,0,0,0,0,0,0
2020-03-25 2020-04-01,Alaska,0,0,0,0,0,0,0,0
2020-03-25 2020-04-01,Arizona,18,0,0,0,0,0,0,0
2020-03-25 2020-04-01,Arkansas,0,0,0,0,100,0,0,0
2020-03-25 2020-04-01,California,11,38,46,34,8,26,36,0
2020-03-25 2020-04-01,Colorado,0,0,0,98,37,0,0,0
2020-03-25 2020-04-01,Connecticut,30,0,0,0,0,0,0,0
2020-03-25 2020-04-01,Delaware,0,0,0,0,0,0,0,0
2020-03-25 2020-04-01,District of Columbia,0,0,0,0,0,0,0,0
2020-03-25 2020-04-01,Florida,6,29,35,45,10,100,68,0
2020-03-25 2020-04-01,Georgia,16,0,89,34,29,0,0,0
2020-03-25 2020-04-01,Hawaii,100,0,0,0,0,0,0,0
2020-03-25 2020-04-01,Idaho,0,0,0,0,0,0,0,0
2020-03-25 2020-04-01,Illinois,22,46,55,0,0,0,0,0
2020-03-25 2020-04-01,Indiana,21,0,0,68,0,0,0,0
2020-03-25 2020-04-01,Iowa,0,0,0,0,0,0,0,0
2020-03-25 2020-04-01,Kansas,52,0,0,0,0,0,0,0
2020-03-25 2020-04-01,Kentucky,33,0,0,0,0,0,0,0
2020-03-25 2020-04-01,Louisiana,34,0,0,0,0,0,0,0
2020-03-25 2020-04-01,Maine,0,0,0,0,0,0,0,0
2020-03-25 2020-04-01,Maryland,0,0,0,0,0,0,0,0
2020-03-25 2020-04-01,Massachusetts,31,0,98,49,0,0,0,0
2020-03-25 2020-04-01,Michigan,12,0,76,78,0,0,0,0
2020-03-25 2020-04-01,Minnesota,0,0,0,0,39,0,0,0
2020-03-25 2020-04-01,Mississippi,0,0,0,0,0,0,0,0
2020-03-25 2020-04-01,Missouri,0,0,0,0,40,0,0,0
2020-03-25 2020-04-01,Montana,0,0,0,0,0,0,0,0
2020-03-25 2020-04-01,Nebraska,0,0,0,0,0,0,0,0
2020-03-25 2020-04-01,Nevada,0,0,0,0,0,0,0,0
2020-03-25 2020-04-01,New Hampshire,0,0,0,0,0,0,0,0
2020-03-25 2020-04-01,New Jersey,23,61,72,0,42,0,0,0
2020-03-25 2020-04-01,New Mexico,0,0,0,0,0,0,0,0
2020-03-25 2020-04-01,New York,8,0,0,29,10,0,0,0
2020-03-25 2020-04-01,North Carolina,15,0,72,0,21,0,0,0
2020-03-25 2020-04-01,North Dakota,0,0,0,0,0,0,0,0
2020-03-25 2020-04-01,Ohio,0,0,0,100,57,0,0,0
2020-03-25 2020-04-01,Oklahoma,0,0,0,0,0,0,0,0
2020-03-25 2020-04-01,Oregon,60,0,0,0,0,0,0,0
2020-03-25 2020-04-01,Pennsylvania,10,100,90,61,35,0,0,0
2020-03-25 2020-04-01,Rhode Island,0,0,0,0,0,0,0,0
2020-03-25 2020-04-01,South Carolina,0,0,0,0,0,0,0,0
2020-03-25 2020-04-01,South Dakota,0,0,0,0,0,0,0,0
2020-03-25 2020-04-01,Tennessee,20,0,0,0,0,0,0,0
2020-03-25 2020-04-01,Texas,8,21,52,39,8,73,100,0
2020-03-25 2020-04-01,Utah,38,0,0,0,0,0,0,0
2020-03-25 2020-04-01,Vermont,0,0,0,0,0,0,0,0
2020-03-25 2020-04-01,Virginia,13,0,0,41,24,0,0,0
2020-03-25 2020-04-01,Washington,24,0,100,50,0,0,0,0
2020-03-25 2020-04-01,West Virginia,0,0,0,0,0,0,0,0
2020-03-25 2020-04-01,Wisconsin,0,0,0,0,59,0,0,0
2020-03-25 2020-04-01,Wyoming,0,0,0,0,0,0,0,0
2020-04-01 2020-04-08,Alabama,18,0,0,0,0,0,0,0
2020-04-01 2020-04-08,Alaska,0,0,0,0,0,0,0,0
2020-04-01 2020-04-08,Arizona,10,0,0,61,47,0,0,0
2020-04-01 2020-04-08,Arkansas,0,0,0,0,0,0,0,0
2020-04-01 2020-04-08,California,7,33,12,22,10,53,31,0
2020-04-01 2020-04-08,Colorado,0,0,0,45,0,0,0,0
2020-04-01 2020-04-08,Connecticut,0,0,0,0,0,0,0,0
2020-04-01 2020-04-08,Delaware,0,0,0,0,0,0,0,0
2020-04-01 2020-04-08,District of Columbia,0,0,0,0,0,0,0,0
2020-04-01 2020-04-08,Florida,8,47,24,13,11,100,0,0
2020-04-01 2020-04-08,Georgia,19,0,47,0,0,0,0,0
2020-04-01 2020-04-08,Hawaii,0,0,0,0,0,0,0,0
2020-04-01 2020-04-08,Idaho,45,0,0,0,0,0,0,0
2020-04-01 2020-04-08,Illinois,20,0,0,20,18,0,93,0
2020-04-01 2020-04-08,Indiana,25,0,0,50,0,0,0,0
2020-04-01 2020-04-08,Iowa,28,0,0,0,96,0,0,0
2020-04-01 2020-04-08,Kansas,29,0,0,0,100,0,0,0
2020-04-01 2020-04-08,Kentucky,0,0,0,0,0,0,0,0
2020-04-01 2020-04-08,Louisiana,20,0,0,0,0,0,0,0
2020-04-01 2020-04-08,Maine,0,0,0,0,0,0,0,0
2020-04-01 2020-04-08,Maryland,10,0,78,0,0,0,0,0
2020-04-01 2020-04-08,Massachusetts,18,0,0,35,31,0,0,0
2020-04-01 2020-04-08,Michigan,15,0,0,45,52,0,0,0
2020-04-01 2020-04-08,Minnesota,0,0,0,0,42,0,0,0
2020-04-01 2020-04-08,Mississippi,0,0,0,0,0,0,0,0
2020-04-01 2020-04-08,Missouri,12,0,93,100,0,0,0,0
2020-04-01 2020-04-08,Montana,0,0,0,0,0,0,0,0
2020-04-01 2020-04-08,Nebraska,38,0,0,0,0,0,0,0
2020-04-01 2020-04-08,Nevada,23,0,0,0,0,0,0,0
2020-04-01 2020-04-08,New Hampshire,100,0,0,0,0,0,0,0
2020-04-01 2020-04-08,New Jersey,10,100,100,0,23,0,0,0
2020-04-01 2020-04-08,New Mexico,0,0,0,0,0,0,0,0
2020-04-01 2020-04-08,New York,6,0,22,18,21,0,56,0
2020-04-01 2020-04-08,North Carolina,7,0,49,26,23,0,0,0
2020-04-01 2020-04-08,North Dakota,0,0,0,0,0,0,0,0
2020-04-01 2020-04-08,Ohio,6,0,44,24,21,0,0,0
2020-04-01 2020-04-08,Oklahoma,0,0,0,0,0,0,0,0
2020-04-01 2020-04-08,Oregon,0,0,0,0,0,0,0,0
2020-04-01 2020-04-08,Pennsylvania,8,82,0,22,19,0,100,0
2020-04-01 2020-04-08,Rhode Island,0,0,0,0,0,0,0,0
2020-04-01 2020-04-08,South Carolina,16,0,0,0,0,0,0,0
2020-04-01 2020-04-08,South Dakota,0,0,0,0,0,0,0,0
2020-04-01 2020-04-08,Tennessee,11,0,0,45,40,0,0,0
2020-04-01 2020-04-08,Texas,9,35,54,9,19,0,43,0
2020-04-01 2020-04-08,Utah,22,0,0,0,0,0,0,0
2020-04-01 2020-04-08,Vermont,0,0,0,0,0,0,0,0
2020-04-01 2020-04-08,Virginia,15,0,0,0,39,0,0,0
2020-04-01 2020-04-08,Washington,14,0,70,37,32,0,0,0
2020-04-01 2020-04-08,West Virginia,0,0,0,0,0,0,0,0
2020-04-01 2020-04-08,Wisconsin,0,0,0,49,43,0,0,0
2020-04-01 2020-04-08,Wyoming,0,0,0,0,0,0,0,0
2020-04-08 2020-04-15,Alabama,43,0,0,0,0,0,0,0
2020-04-08 2020-04-15,Alaska,0,0,0,0,0,0,0,0
2020-04-08 2020-04-15,Arizona,13,0,0,60,0,0,0,0
2020-04-08 2020-04-15,Arkansas,0,0,0,0,88,0,0,0
2020-04-08 2020-04-15,California,10,57,58,23,13,71,31,0
2020-04-08 2020-04-15,Colorado,14,0,0,67,100,0,0,0
2020-04-08 2020-04-15,Connecticut,22,0,0,100,0,0,0,0
2020-04-08 2020-04-15,Delaware,94,0,0,0,0,0,0,0
2020-04-08 2020-04-15,District of Columbia,0,0,0,0,0,0,0,0
2020-04-08 2020-04-15,Florida,9,45,36,25,14,0,0,0
2020-04-08 2020-04-15,Georgia,11,0,0,0,18,0,0,0
2020-04-08 2020-04-15,Hawaii,0,0,0,0,0,0,0,0
2020-04-08 2020-04-15,Idaho,0,0,0,0,0,0,0,0
2020-04-08 2020-04-15,Illinois,6,0,0,29,24,0,93,0
2020-04-08 2020-04-15,Indiana,15,0,0,70,34,0,0,0
2020-04-08 2020-04-15,Iowa,0,0,0,0,0,0,0,0
2020-04-08 2020-04-15,Kansas,0,0,0,0,83,0,0,0
2020-04-08 2020-04-15,Kentucky,0,0,0,0,0,0,0,0
2020-04-08 2020-04-15,Louisiana,0,0,0,0,0,0,0,0
2020-04-08 2020-04-15,Maine,0,0,0,0,0,0,0,0
2020-04-08 2020-04-15,Maryland,0,0,0,91,30,0,0,0
2020-04-08 2020-04-15,Massachusetts,11,0,100,51,25,0,0,0
2020-04-08 2020-04-15,Michigan,20,100,0,0,0,0,0,0
2020-04-08 2020-04-15,Minnesota,15,0,0,0,34,0,0,0
2020-04-08 2020-04-15,Mississippi,44,0,0,0,0,0,0,0
2020-04-08 2020-04-15,Missouri,15,0,0,72,0,0,0,0
2020-04-08 2020-04-15,Montana,100,0,0,0,0,0,0,0
2020-04-08 2020-04-15,Nebraska,47,0,0,0,0,0,0,0
2020-04-08 2020-04-15,Nevada,0,0,0,0,0,0,0,0
2020-04-08 2020-04-15,New Hampshire,0,0,0,0,0,0,0,0
2020-04-08 2020-04-15,New Jersey,17,0,0,40,39,0,0,0
2020-04-08 2020-04-15,New Mexico,0,0,0,0,0,0,0,0
2020-04-08 2020-04-15,New York,10,44,58,18,18,85,0,0
2020-04-08 2020-04-15,North Carolina,11,0,76,0,0,0,0,0
2020-04-08 2020-04-15,North Dakota,0,0,0,0,0,0,0,0
2020-04-08 2020-04-15,Ohio,11,85,68,35,17,0,0,0
2020-04-08 2020-04-15,Oklahoma,0,0,0,0,0,0,0,0
2020-04-08 2020-04-15,Oregon,21,0,0,0,0,0,0,0
2020-04-08 2020-04-15,Pennsylvania,7,0,0,31,31,0,100,0
2020-04-08 2020-04-15,Rhode Island,0,0,0,0,0,0,0,0
2020-04-08 2020-04-15,South Carolina,20,0,0,0,0,0,0,0
2020-04-08 2020-04-15,South Dakota,0,0,0,0,0,0,0,0
2020-04-08 2020-04-15,Tennessee,14,0,0,0,0,0,0,0
2020-04-08 2020-04-15,Texas,8,34,54,21,11,100,43,0
2020-04-08 2020-04-15,Utah,27,0,0,0,0,0,0,0
2020-04-08 2020-04-15,Vermont,0,0,0,0,0,0,0,0
2020-04-08 2020-04-15,Virginia,16,0,86,88,44,0,0,0
2020-04-08 2020-04-15,Washington,12,0,0,55,27,0,0,0
2020-04-08 2020-04-15,West Virginia,0,0,0,0,0,0,0,0
2020-04-08 2020-04-15,Wisconsin,15,0,0,0,0,0,0,0
2020-04-08 2020-04-15,Wyoming,0,0,0,0,0,0,0,0
2020-04-15 2020-04-22,Alabama,30,0,0,0,49,0,0,0
2020-04-15 2020-04-22,Alaska,0,0,0,0,0,0,0,0
2020-04-15 2020-04-22,Arizona,24,0,0,42,19,0,0,0
2020-04-15 2020-04-22,Arkansas,35,0,0,0,86,0,0,0
2020-04-15 2020-04-22,California,25,38,25,9,33,25,31,0
2020-04-15 2020-04-22,Colorado,33,0,92,47,32,0,0,0
2020-04-15 2020-04-22,Connecticut,37,0,0,70,65,0,0,0
2020-04-15 2020-04-22,Delaware,87,0,0,0,0,0,0,0
2020-04-15 2020-04-22,District of Columbia,0,0,0,0,0,0,0,0
2020-04-15 2020-04-22,Florida,22,42,26,26,30,0,60,0
2020-04-15 2020-04-22,Georgia,27,0,50,51,23,0,0,0
2020-04-15 2020-04-22,Hawaii,100,0,0,0,0,0,0,0
2020-04-15 2020-04-22,Idaho,41,0,0,0,0,0,0,0
2020-04-15 2020-04-22,Illinois,25,28,34,20,13,100,94,0
2020-04-15 2020-04-22,Indiana,14,0,0,48,89,0,0,0
2020-04-15 2020-04-22,Iowa,23,0,0,0,100,0,0,0
2020-04-15 2020-04-22,Kansas,25,0,0,0,0,0,0,0
2020-04-15 2020-04-22,Kentucky,31,0,0,0,0,0,0,0
2020-04-15 2020-04-22,Louisiana,25,0,0,0,0,0,0,0
2020-04-15 2020-04-22,Maine,99,0,0,0,0,0,0,0
2020-04-15 2020-04-22,Maryland,15,0,42,0,29,0,0,0
2020-04-15 2020-04-22,Massachusetts,26,100,53,54,39,0,0,0
2020-04-15 2020-04-22,Michigan,23,59,42,29,22,0,0,0
2020-04-15 2020-04-22,Minnesota,16,0,0,0,30,0,0,0
2020-04-15 2020-04-22,Mississippi,0,0,0,0,0,0,0,0
2020-04-15 2020-04-22,Missouri,22,0,100,0,23,0,0,0
2020-04-15 2020-04-22,Montana,71,0,0,0,0,0,0,0
2020-04-15 2020-04-22,Nebraska,0,0,0,0,0,0,0,0
2020-04-15 2020-04-22,Nevada,28,0,0,0,45,0,0,0
2020-04-15 2020-04-22,New Hampshire,43,0,0,0,0,0,0,0
2020-04-15 2020-04-22,New Jersey,20,57,63,36,34,0,0,0
2020-04-15 2020-04-22,New Mexico,34,0,0,0,0,0,0,0
2020-04-15 2020-04-22,New York,18,29,21,12,23,30,57,0
2020-04-15 2020-04-22,North Carolina,15,54,38,52,42,0,0,0
2020-04-15 2020-04-22,North Dakota,0,0,0,0,0,0,0,0
2020-04-15 2020-04-22,Ohio,19,66,36,0,17,0,0,0
2020-04-15 2020-04-22,Oklahoma,19,0,0,0,41,0,0,0
2020-04-15 2020-04-22,Oregon,14,0,0,0,0,0,0,0
2020-04-15 2020-04-22,Pennsylvania,18,0,35,22,40,0,100,0
2020-04-15 2020-04-22,Rhode Island,52,0,0,0,0,0,0,0
2020-04-15 2020-04-22,South Carolina,14,0,0,0,30,0,0,0
2020-04-15 2020-04-22,South Dakota,0,0,0,0,0,0,0,0
2020-04-15 2020-04-22,Tennessee,29,0,0,0,42,0,0,0
2020-04-15 2020-04-22,Texas,12,27,22,10,20,23,44,0
2020-04-15 2020-04-22,Utah,19,0,0,0,0,0,0,0
2020-04-15 2020-04-22,Vermont,0,0,0,0,0,0,0,0
2020-04-15 2020-04-22,Virginia,24,0,51,31,29,0,0,0
2020-04-15 2020-04-22,Washington,11,0,73,0,17,0,0,0
2020-04-15 2020-04-22,West Virginia,0,0,0,0,0,0,0,0
2020-04-15 2020-04-22,Wisconsin,29,0,0,100,47,0,0,0
2020-04-15 2020-04-22,Wyoming,0,0,0,0,0,0,0,0
2020-04-22 2020-04-29,Alabama,21,0,0,0,0,0,0,0
2020-04-22 2020-04-29,Alaska,0,0,0,0,0,0,0,0
2020-04-22 2020-04-29,Arizona,19,0,0,0,0,0,0,0
2020-04-22 2020-04-29,Arkansas,0,0,0,0,0,0,0,0
2020-04-22 2020-04-29,California,7,38,27,10,12,100,51,0
2020-04-22 2020-04-29,Colorado,14,0,0,0,0,0,0,0
2020-04-22 2020-04-29,Connecticut,21,0,0,100,0,0,0,0
2020-04-22 2020-04-29,Delaware,0,0,0,0,0,0,0,0
2020-04-22 2020-04-29,District of Columbia,94,0,0,0,0,0,0,0
2020-04-22 2020-04-29,Florida,12,29,26,0,34,0,100,0
2020-04-22 2020-04-29,Georgia,8,0,0,0,34,0,0,0
2020-04-22 2020-04-29,Hawaii,0,0,0,0,0,0,0,0
2020-04-22 2020-04-29,Idaho,0,0,0,0,0,0,0,0
2020-04-22 2020-04-29,Illinois,12,46,61,29,39,0,0,0
2020-04-22 2020-04-29,Indiana,14,0,0,70,62,0,0,0
2020-04-22 2020-04-29,Iowa,31,0,0,0,0,0,0,0
2020-04-22 2020-04-29,Kansas,35,0,0,0,0,0,0,0
2020-04-22 2020-04-29,Kentucky,22,0,0,0,94,0,0,0
2020-04-22 2020-04-29,Louisiana,23,0,0,0,100,0,0,0
2020-04-22 2020-04-29,Maine,0,0,0,0,0,0,0,0
2020-04-22 2020-04-29,Maryland,12,0,83,0,0,0,0,0
2020-04-22 2020-04-29,Massachusetts,14,81,0,0,46,0,0,0
2020-04-22 2020-04-29,Michigan,22,100,0,43,0,0,0,0
2020-04-22 2020-04-29,Minnesota,15,0,0,0,0,0,0,0
2020-04-22 2020-04-29,Mississippi,0,0,0,0,0,0,0,0
2020-04-22 2020-04-29,Missouri,0,0,100,73,65,0,0,0
2020-04-22 2020-04-29,Montana,100,0,0,0,0,0,0,0
2020-04-22 2020-04-29,Nebraska,47,0,0,0,0,0,0,0
2020-04-22 2020-04-29,Nevada,29,0,0,0,0,0,0,0
2020-04-22 2020-04-29,New Hampshire,61,0,0,0,0,0,0,0
2020-04-22 2020-04-29,New Jersey,12,90,0,38,34,0,0,0
2020-04-22 2020-04-29,New Mexico,48,0,0,0,0,0,0,0
2020-04-22 2020-04-29,New York,8,29,51,19,16,94,0,0
2020-04-22 2020-04-29,North Carolina,12,55,49,35,94,0,0,0
2020-04-22 2020-04-29,North Dakota,0,0,0,0,0,0,0,0
2020-04-22 2020-04-29,Ohio,14,0,0,0,0,0,0,0
2020-04-22 2020-04-29,Oklahoma,0,0,0,0,0,0,0,0
2020-04-22 2020-04-29,Oregon,0,0,0,0,0,0,0,0
2020-04-22 2020-04-29,Pennsylvania,11,0,0,46,28,0,0,0
2020-04-22 2020-04-29,Rhode Island,0,0,0,0,0,0,0,0
2020-04-22 2020-04-29,South Carolina,0,0,0,0,0,0,0,0
2020-04-22 2020-04-29,South Dakota,0,0,0,0,0,0,0,0
2020-04-22 2020-04-29,Tennessee,14,0,0,65,0,0,0,0
2020-04-22 2020-04-29,Texas,3,54,38,14,19,71,0,0
2020-04-22 2020-04-29,Utah,27,0,0,0,0,0,0,0
2020-04-22 2020-04-29,Vermont,0,0,0,0,0,0,0,0
2020-04-22 2020-04-29,Virginia,18,0,60,0,39,0,0,0
2020-04-22 2020-04-29,Washington,22,0,73,0,0,0,0,0
2020-04-22 2020-04-29,West Virginia,0,0,0,0,0,0,0,0
2020-04-22 2020-04-29,Wisconsin,15,0,0,0,0,0,0,0
2020-04-22 2020-04-29,Wyoming,0,0,0,0,0,0,0,0
2020-04-29 2020-05-06,Alabama,16,0,0,0,0,0,0,0
2020-04-29 2020-05-06,Alaska,0,0,0,0,0,0,0,0
2020-04-29 2020-05-06,Arizona,0,0,0,0,22,0,0,0
2020-04-29 2020-05-06,Arkansas,0,0,0,0,0,0,0,0
2020-04-29 2020-05-06,California,15,17,28,13,6,100,0,0
2020-04-29 2020-05-06,Colorado,21,0,65,92,0,0,0,0
2020-04-29 2020-05-06,Connecticut,15,0,0,0,72,0,0,0
2020-04-29 2020-05-06,Delaware,0,0,0,0,0,0,0,0
2020-04-29 2020-05-06,District of Columbia,68,0,0,0,0,0,0,0
2020-04-29 2020-05-06,Florida,13,99,28,0,7,0,0,0
2020-04-29 2020-05-06,Georgia,9,0,0,0,19,0,0,0
2020-04-29 2020-05-06,Hawaii,51,0,0,0,0,0,0,0
2020-04-29 2020-05-06,Idaho,42,0,0,0,100,0,0,0
2020-04-29 2020-05-06,Illinois,21,39,38,0,0,0,0,0
2020-04-29 2020-05-06,Indiana,11,0,0,0,50,0,0,0
2020-04-29 2020-05-06,Iowa,0,0,0,0,0,0,0,0
2020-04-29 2020-05-06,Kansas,39,0,0,0,0,0,0,0
2020-04-29 2020-05-06,Kentucky,16,0,0,0,39,0,0,0
2020-04-29 2020-05-06,Louisiana,52,0,0,0,0,0,0,0
2020-04-29 2020-05-06,Maine,100,0,0,0,0,0,0,0
2020-04-29 2020-05-06,Maryland,0,0,58,0,0,0,0,0
2020-04-29 2020-05-06,Massachusetts,18,0,100,0,19,0,0,0
2020-04-29 2020-05-06,Michigan,10,58,42,0,16,0,0,0
2020-04-29 2020-05-06,Minnesota,0,0,0,0,0,0,0,0
2020-04-29 2020-05-06,Mississippi,32,0,0,0,0,0,0,0
2020-04-29 2020-05-06,Missouri,11,0,0,0,0,0,0,0
2020-04-29 2020-05-06,Montana,74,0,0,0,0,0,0,0
2020-04-29 2020-05-06,Nebraska,0,0,0,0,0,0,0,0
2020-04-29 2020-05-06,Nevada,32,0,0,0,0,0,0,0
2020-04-29 2020-05-06,New Hampshire,45,0,0,0,0,0,0,0
2020-04-29 2020-05-06,New Jersey,17,100,0,0,14,0,0,0
2020-04-29 2020-05-06,New Mexico,0,0,0,0,0,0,0,0
2020-04-29 2020-05-06,New York,8,23,0,0,10,0,100,0
2020-04-29 2020-05-06,North Carolina,13,49,36,51,14,0,0,0
2020-04-29 2020-05-06,North Dakota,0,0,0,0,0,0,0,0
2020-04-29 2020-05-06,Ohio,9,45,33,46,12,0,0,0
2020-04-29 2020-05-06,Oklahoma,0,0,0,0,0,0,0,0
2020-04-29 2020-05-06,Oregon,22,0,0,0,35,0,0,0
2020-04-29 2020-05-06,Pennsylvania,17,40,60,0,19,0,0,0
2020-04-29 2020-05-06,Rhode Island,52,0,0,0,0,0,0,0
2020-04-29 2020-05-06,South Carolina,0,0,0,0,0,0,0,0
2020-04-29 2020-05-06,South Dakota,0,0,0,0,0,0,0,0
2020-04-29 2020-05-06,Tennessee,10,0,0,0,24,0,0,0
2020-04-29 2020-05-06,Texas,7,18,18,0,5,0,0,0
2020-04-29 2020-05-06,Utah,20,0,0,0,0,0,0,0
2020-04-29 2020-05-06,Vermont,0,0,0,0,0,0,0,0
2020-04-29 2020-05-06,Virginia,13,0,56,0,0,0,0,0
2020-04-29 2020-05-06,Washington,16,0,100,0,19,0,0,0
2020-04-29 2020-05-06,West Virginia,49,0,0,0,0,0,0,0
2020-04-29 2020-05-06,Wisconsin,11,0,0,100,26,0,0,0
2020-04-29 2020-05-06,Wyoming,0,0,0,0,0,0,0,0
2020-05-06 2020-05-13,Alabama,15,0,0,0,75,0,0,0
2020-05-06 2020-05-13,Alaska,0,0,0,0,0,0,0,0
2020-05-06 2020-05-13,Arizona,0,0,0,0,0,0,0,0
2020-05-06 2020-05-13,Arkansas,0,0,0,0,0,0,0,0
2020-05-06 2020-05-13,California,4,19,14,14,7,0,0,0
2020-05-06 2020-05-13,Colorado,0,0,0,100,0,0,0,0
2020-05-06 2020-05-13,Connecticut,14,0,0,0,72,0,0,0
2020-05-06 2020-05-13,Delaware,0,0,0,0,0,0,0,0
2020-05-06 2020-05-13,District of Columbia,0,0,0,0,0,0,0,0
2020-05-06 2020-05-13,Florida,7,0,26,0,14,0,0,0
2020-05-06 2020-05-13,Georgia,5,0,100,0,0,0,0,0
2020-05-06 2020-05-13,Hawaii,100,0,0,0,0,0,0,0
2020-05-06 2020-05-13,Idaho,0,0,0,0,0,0,0,0
2020-05-06 2020-05-13,Illinois,4,0,0,43,0,0,0,0
2020-05-06 2020-05-13,Indiana,10,0,0,0,51,0,0,0
2020-05-06 2020-05-13,Iowa,22,0,0,0,0,0,0,0
2020-05-06 2020-05-13,Kansas,0,0,0,0,0,0,0,0
2020-05-06 2020-05-13,Kentucky,16,0,0,0,0,0,0,0
2020-05-06 2020-05-13,Louisiana,0,0,0,0,82,0,0,0
2020-05-06 2020-05-13,Maine,0,0,0,0,0,0,0,0
2020-05-06 2020-05-13,Maryland,13,0,0,0,43,0,0,0
2020-05-06 2020-05-13,Massachusetts,22,100,71,0,0,0,0,0
2020-05-06 2020-05-13,Michigan,9,0,59,0,31,0,0,0
2020-05-06 2020-05-13,Minnesota,0,0,0,0,0,0,0,0
2020-05-06 2020-05-13,Mississippi,0,0,0,0,0,0,0,0
2020-05-06 2020-05-13,Missouri,0,0,0,0,0,0,0,0
2020-05-06 2020-05-13,Montana,0,0,0,0,0,0,0,0
2020-05-06 2020-05-13,Nebraska,0,0,0,0,0,0,0,0
2020-05-06 2020-05-13,Nevada,20,0,0,0,100,0,0,0
2020-05-06 2020-05-13,New Hampshire,0,0,0,0,0,0,0,0
2020-05-06 2020-05-13,New Jersey,7,75,54,0,0,0,0,0
2020-05-06 2020-05-13,New Mexico,33,0,0,0,0,0,0,0
2020-05-06 2020-05-13,New York,6,34,24,25,13,0,0,0
2020-05-06 2020-05-13,North Carolina,11,76,55,0,28,0,0,0
2020-05-06 2020-05-13,North Dakota,0,0,0,0,0,0,0,0
2020-05-06 2020-05-13,Ohio,10,68,48,0,0,0,0,0
2020-05-06 2020-05-13,Oklahoma,20,0,0,0,0,0,0,0
2020-05-06 2020-05-13,Oregon,15,0,0,0,72,0,0,0
2020-05-06 2020-05-13,Pennsylvania,14,59,44,0,22,0,0,0
2020-05-06 2020-05-13,Rhode Island,0,0,0,0,0,0,0,0
2020-05-06 2020-05-13,South Carolina,14,0,0,0,68,0,0,0
2020-05-06 2020-05-13,South Dakota,0,0,0,0,0,0,0,0
2020-05-06 2020-05-13,Tennessee,0,0,0,0,0,0,0,0
2020-05-06 2020-05-13,Texas,3,54,19,0,20,0,100,0
2020-05-06 2020-05-13,Utah,0,0,0,0,0,0,0,0
2020-05-06 2020-05-13,Vermont,0,0,0,0,0,0,0,0
2020-05-06 2020-05-13,Virginia,7,0,0,0,0,0,0,0
2020-05-06 2020-05-13,Washington,0,0,0,0,39,0,0,0
2020-05-06 2020-05-13,West Virginia,0,0,0,0,0,0,0,0
2020-05-06 2020-05-13,Wisconsin,11,0,0,0,0,0,0,0
2020-05-06 2020-05-13,Wyoming,0,0,0,0,0,0,0,0
2020-05-13 2020-05-20,Alabama,0,0,0,0,0,0,0,0
2020-05-13 2020-05-20,Alaska,0,0,0,0,0,0,0,0
2020-05-13 2020-05-20,Arizona,0,0,0,0,0,0,0,0
2020-05-13 2020-05-20,Arkansas,0,0,0,0,0,0,0,0
2020-05-13 2020-05-20,California,3,24,24,0,7,0,0,0
2020-05-13 2020-05-20,Colorado,0,0,0,0,0,0,0,0
2020-05-13 2020-05-20,Connecticut,29,0,0,0,0,0,0,0
2020-05-13 2020-05-20,Delaware,0,0,0,0,0,0,0,0
2020-05-13 2020-05-20,District of Columbia,0,0,0,0,0,0,0,0
2020-05-13 2020-05-20,Florida,0,48,48,0,7,0,0,0
2020-05-13 2020-05-20,Georgia,0,0,0,0,0,0,0,0
2020-05-13 2020-05-20,Hawaii,0,0,0,0,0,0,0,0
2020-05-13 2020-05-20,Idaho,0,0,0,0,100,0,0,0
2020-05-13 2020-05-20,Illinois,9,76,0,0,0,0,0,0
2020-05-13 2020-05-20,Indiana,20,0,0,0,26,0,0,0
2020-05-13 2020-05-20,Iowa,0,0,0,0,0,0,0,0
2020-05-13 2020-05-20,Kansas,0,0,0,0,0,0,0,0
2020-05-13 2020-05-20,Kentucky,0,0,0,0,0,0,0,0
2020-05-13 2020-05-20,Louisiana,0,0,0,0,0,0,0,0
2020-05-13 2020-05-20,Maine,100,0,0,0,0,0,0,0
2020-05-13 2020-05-20,Maryland,0,0,0,0,0,0,0,0
2020-05-13 2020-05-20,Massachusetts,0,0,0,0,0,0,0,0
2020-05-13 2020-05-20,Michigan,12,0,0,0,16,0,0,0
2020-05-13 2020-05-20,Minnesota,0,0,0,0,0,0,0,0
2020-05-13 2020-05-20,Mississippi,0,0,0,0,0,0,0,0
2020-05-13 2020-05-20,Missouri,0,0,0,0,0,0,0,0
2020-05-13 2020-05-20,Montana,0,0,0,0,0,0,0,0
2020-05-13 2020-05-20,Nebraska,0,0,0,0,0,0,0,0
2020-05-13 2020-05-20,Nevada,0,0,0,0,0,0,0,0
2020-05-13 2020-05-20,New Hampshire,86,0,0,0,0,0,0,0
2020-05-13 2020-05-20,New Jersey,0,0,100,0,14,0,0,0
2020-05-13 2020-05-20,New Mexico,0,0,0,0,0,0,0,0
2020-05-13 2020-05-20,New York,5,0,0,100,0,0,0,0
2020-05-13 2020-05-20,North Carolina,11,100,99,0,0,0,0,0
2020-05-13 2020-05-20,North Dakota,0,0,0,0,0,0,0,0
2020-05-13 2020-05-20,Ohio,0,0,0,0,0,0,0,0
2020-05-13 2020-05-20,Oklahoma,0,0,0,0,0,0,0,0
2020-05-13 2020-05-20,Oregon,0,0,0,0,0,0,0,0
2020-05-13 2020-05-20,Pennsylvania,9,81,81,0,12,0,0,0
2020-05-13 2020-05-20,Rhode Island,0,0,0,0,0,0,0,0
2020-05-13 2020-05-20,South Carolina,0,0,0,0,0,0,0,0
2020-05-13 2020-05-20,South Dakota,0,0,0,0,0,0,0,0
2020-05-13 2020-05-20,Tennessee,0,0,0,0,24,0,0,0
2020-05-13 2020-05-20,Texas,4,36,0,76,0,0,0,0
2020-05-13 2020-05-20,Utah,0,0,0,0,0,0,0,0
2020-05-13 2020-05-20,Vermont,0,0,0,0,0,0,0,0
2020-05-13 2020-05-20,Virginia,13,0,0,0,0,0,0,0
2020-05-13 2020-05-20,Washington,15,0,0,0,19,0,0,0
2020-05-13 2020-05-20,West Virginia,0,0,0,0,0,0,0,0
2020-05-13 2020-05-20,Wisconsin,0,0,0,0,27,0,0,0
2020-05-13 2020-05-20,Wyoming,0,0,0,0,0,0,0,0
2020-05-20 2020-05-27,Alabama,94,0,0,0,0,0,0,0
2020-05-20 2020-05-27,Alaska,0,0,0,0,0,0,0,0
2020-05-20 2020-05-27,Arizona,0,0,0,88,0,0,0,0
2020-05-20 2020-05-27,Arkansas,0,0,0,0,0,0,0,0
2020-05-20 2020-05-27,California,9,0,16,14,0,53,100,0
2020-05-20 2020-05-27,Colorado,0,0,0,100,0,0,0,0
2020-05-20 2020-05-27,Connecticut,93,0,0,0,0,0,0,0
2020-05-20 2020-05-27,Delaware,0,0,0,0,0,0,0,0
2020-05-20 2020-05-27,District of Columbia,0,0,0,0,0,0,0,0
2020-05-20 2020-05-27,Florida,0,0,0,0,0,100,0,0
2020-05-20 2020-05-27,Georgia,0,0,0,0,0,0,0,0
2020-05-20 2020-05-27,Hawaii,0,0,0,0,0,0,0,0
2020-05-20 2020-05-27,Idaho,0,0,0,0,0,0,0,0
2020-05-20 2020-05-27,Illinois,0,0,0,0,19,0,0,0
2020-05-20 2020-05-27,Indiana,0,0,0,0,0,0,0,0
2020-05-20 2020-05-27,Iowa,0,0,0,0,100,0,0,0
2020-05-20 2020-05-27,Kansas,0,0,0,0,0,0,0,0
2020-05-20 2020-05-27,Kentucky,100,0,0,0,0,0,0,0
2020-05-20 2020-05-27,Louisiana,0,0,0,0,0,0,0,0
2020-05-20 2020-05-27,Maine,0,0,0,0,0,0,0,0
2020-05-20 2020-05-27,Maryland,55,0,100,0,39,0,0,0
2020-05-20 2020-05-27,Massachusetts,0,0,0,0,0,0,0,0
2020-05-20 2020-05-27,Michigan,41,0,0,0,0,0,0,0
2020-05-20 2020-05-27,Minnesota,0,0,0,0,0,0,0,0
2020-05-20 2020-05-27,Mississippi,0,0,0,0,0,0,0,0
2020-05-20 2020-05-27,Missouri,0,0,0,0,0,0,0,0
2020-05-20 2020-05-27,Montana,0,0,0,0,0,0,0,0
2020-05-20 2020-05-27,Nebraska,0,0,0,0,0,0,0,0
2020-05-20 2020-05-27,Nevada,0,0,0,0,0,0,0,0
2020-05-20 2020-05-27,New Hampshire,0,0,0,0,0,0,0,0
2020-05-20 2020-05-27,New Jersey,36,0,65,54,0,0,0,0
2020-05-20 2020-05-27,New Mexico,0,0,0,0,0,0,0,0
2020-05-20 2020-05-27,New York,25,0,0,26,12,0,0,0
2020-05-20 2020-05-27,North Carolina,0,0,0,0,0,0,0,0
2020-05-20 2020-05-27,North Dakota,0,0,0,0,0,0,0,0
2020-05-20 2020-05-27,Ohio,32,0,0,0,23,0,0,0
2020-05-20 2020-05-27,Oklahoma,0,0,0,0,0,0,0,0
2020-05-20 2020-05-27,Oregon,0,0,0,0,0,0,0,0
2020-05-20 2020-05-27,Pennsylvania,0,0,0,0,0,0,0,0
2020-05-20 2020-05-27,Rhode Island,0,0,0,0,0,0,0,0
2020-05-20 2020-05-27,South Carolina,0,0,0,0,0,0,0,0
2020-05-20 2020-05-27,South Dakota,0,0,0,0,0,0,0,0
2020-05-20 2020-05-27,Tennessee,60,0,0,0,0,0,0,0
2020-05-20 2020-05-27,Texas,0,0,0,0,0,0,0,0
2020-05-20 2020-05-27,Utah,0,0,0,0,0,0,0,0
2020-05-20 2020-05-27,Vermont,0,0,0,0,0,0,0,0
2020-05-20 2020-05-27,Virginia,40,0,0,0,28,0,0,0
2020-05-20 2020-05-27,Washington,0,0,0,0,0,0,0,0
2020-05-20 2020-05-27,West Virginia,0,0,0,0,0,0,0,0
2020-05-20 2020-05-27,Wisconsin,0,0,0,0,0,0,0,0
2020-05-20 2020-05-27,Wyoming,0,0,0,0,0,0,0,0
2020-05-27 2020-06-03,Alabama,29,0,0,0,0,0,0,0
2020-05-27 2020-06-03,Alaska,0,0,0,0,0,0,0,0
2020-05-27 2020-06-03,Arizona,26,0,0,100,0,0,0,0
2020-05-27 2020-06-03,Arkansas,0,0,0,0,0,0,0,0
2020-05-27 2020-06-03,California,3,0,0,16,10,0,0,0
2020-05-27 2020-06-03,Colorado,0,0,0,0,0,0,0,0
2020-05-27 2020-06-03,Connecticut,0,0,0,0,0,0,0,0
2020-05-27 2020-06-03,Delaware,0,0,0,0,0,0,0,0
2020-05-27 2020-06-03,District of Columbia,0,0,0,0,0,0,0,0
2020-05-27 2020-06-03,Florida,5,0,0,0,0,0,0,0
2020-05-27 2020-06-03,Georgia,0,0,0,0,0,0,0,0
2020-05-27 2020-06-03,Hawaii,100,0,0,0,0,0,0,0
2020-05-27 2020-06-03,Idaho,0,0,0,0,0,0,0,0
2020-05-27 2020-06-03,Illinois,0,0,0,0,17,0,0,0
2020-05-27 2020-06-03,Indiana,21,0,0,0,0,0,0,0
2020-05-27 2020-06-03,Iowa,0,0,0,0,0,0,0,0
2020-05-27 2020-06-03,Kansas,0,0,0,0,100,0,0,0
2020-05-27 2020-06-03,Kentucky,0,0,0,0,0,0,0,0
2020-05-27 2020-06-03,Louisiana,0,0,0,0,0,0,0,0
2020-05-27 2020-06-03,Maine,0,0,0,0,0,0,0,0
2020-05-27 2020-06-03,Maryland,0,0,100,0,0,0,0,0
2020-05-27 2020-06-03,Massachusetts,0,0,0,0,0,0,0,0
2020-05-27 2020-06-03,Michigan,0,0,0,0,0,0,0,0
2020-05-27 2020-06-03,Minnesota,0,0,0,0,0,0,0,0
2020-05-27 2020-06-03,Mississippi,0,0,0,0,0,0,0,0
2020-05-27 2020-06-03,Missouri,0,0,0,0,0,0,0,0
2020-05-27 2020-06-03,Montana,0,0,0,0,0,0,0,0
2020-05-27 2020-06-03,Nebraska,66,0,0,0,0,0,0,0
2020-05-27 2020-06-03,Nevada,0,0,0,0,0,0,0,0
2020-05-27 2020-06-03,New Hampshire,0,0,0,0,0,0,0,0
2020-05-27 2020-06-03,New Jersey,11,0,64,0,0,0,0,0
2020-05-27 2020-06-03,New Mexico,0,0,0,0,0,0,0,0
2020-05-27 2020-06-03,New York,5,0,0,30,0,0,0,0
2020-05-27 2020-06-03,North Carolina,11,0,64,0,0,0,0,0
2020-05-27 2020-06-03,North Dakota,0,0,0,0,0,0,0,0
2020-05-27 2020-06-03,Ohio,0,0,0,0,0,0,0,0
2020-05-27 2020-06-03,Oklahoma,0,0,0,0,0,0,0,0
2020-05-27 2020-06-03,Oregon,0,0,0,0,0,0,0,0
2020-05-27 2020-06-03,Pennsylvania,0,0,0,0,17,0,0,0
2020-05-27 2020-06-03,Rhode Island,0,0,0,0,0,0,0,0
2020-05-27 2020-06-03,South Carolina,0,0,0,0,0,0,0,0
2020-05-27 2020-06-03,South Dakota,0,0,0,0,0,0,0,0
2020-05-27 2020-06-03,Tennessee,19,0,0,0,0,0,0,0
2020-05-27 2020-06-03,Texas,4,0,0,0,0,0,0,0
2020-05-27 2020-06-03,Utah,0,0,0,0,0,0,0,0
2020-05-27 2020-06-03,Vermont,0,0,0,0,0,0,0,0
2020-05-27 2020-06-03,Virginia,0,0,0,0,0,0,0,0
2020-05-27 2020-06-03,Washington,0,0,0,0,0,0,0,0
2020-05-27 2020-06-03,West Virginia,0,0,0,0,0,0,0,0
2020-05-27 2020-06-03,Wisconsin,0,0,0,0,0,0,0,0
2020-05-27 2020-06-03,Wyoming,0,0,0,0,0,0,0,0
2020-06-03 2020-06-10,Alabama,0,0,0,0,0,0,0,0
2020-06-03 2020-06-10,Alaska,0,0,0,0,0,0,0,0
2020-06-03 2020-06-10,Arizona,61,0,0,0,0,0,0,0
2020-06-03 2020-06-10,Arkansas,0,0,0,0,0,0,0,0
2020-06-03 2020-06-10,California,10,25,0,0,0,0,0,0
2020-06-03 2020-06-10,Colorado,70,0,0,0,0,0,0,0
2020-06-03 2020-06-10,Connecticut,100,0,0,0,0,0,0,0
2020-06-03 2020-06-10,Delaware,0,0,0,0,0,0,0,0
2020-06-03 2020-06-10,District of Columbia,0,0,0,0,0,0,0,0
2020-06-03 2020-06-10,Florida,0,0,0,0,0,0,0,0
2020-06-03 2020-06-10,Georgia,0,0,0,0,0,0,0,0
2020-06-03 2020-06-10,Hawaii,0,0,0,0,0,0,0,0
2020-06-03 2020-06-10,Idaho,0,0,0,0,0,0,0,0
2020-06-03 2020-06-10,Illinois,0,0,0,0,0,0,0,0
2020-06-03 2020-06-10,Indiana,0,0,0,0,0,0,0,0
2020-06-03 2020-06-10,Iowa,0,0,0,0,0,0,0,0
2020-06-03 2020-06-10,Kansas,0,0,0,0,0,0,0,0
2020-06-03 2020-06-10,Kentucky,0,0,0,0,0,0,0,0
2020-06-03 2020-06-10,Louisiana,0,0,0,0,0,0,0,0
2020-06-03 2020-06-10,Maine,0,0,0,0,0,0,0,0
2020-06-03 2020-06-10,Maryland,0,0,0,0,0,0,0,0
2020-06-03 2020-06-10,Massachusetts,52,0,0,0,0,0,0,0
2020-06-03 2020-06-10,Michigan,43,0,0,0,0,0,0,0
2020-06-03 2020-06-10,Minnesota,0,0,0,0,0,0,0,0
2020-06-03 2020-06-10,Mississippi,0,0,0,0,0,0,0,0
2020-06-03 2020-06-10,Missouri,0,0,0,0,0,0,0,0
2020-06-03 2020-06-10,Montana,0,0,0,0,0,0,0,0
2020-06-03 2020-06-10,Nebraska,0,0,0,0,0,0,0,0
2020-06-03 2020-06-10,Nevada,0,0,0,0,0,0,0,0
2020-06-03 2020-06-10,New Hampshire,0,0,0,0,0,0,0,0
2020-06-03 2020-06-10,New Jersey,39,0,0,0,0,0,0,0
2020-06-03 2020-06-10,New Mexico,0,0,0,0,0,0,0,0
2020-06-03 2020-06-10,New York,0,0,0,0,0,0,0,0
2020-06-03 2020-06-10,North Carolina,39,100,100,0,0,0,0,0
2020-06-03 2020-06-10,North Dakota,0,0,0,0,0,0,0,0
2020-06-03 2020-06-10,Ohio,0,0,0,0,0,0,0,0
2020-06-03 2020-06-10,Oklahoma,0,0,0,0,0,0,0,0
2020-06-03 2020-06-10,Oregon,0,0,0,0,0,0,0,0
2020-06-03 2020-06-10,Pennsylvania,0,0,85,0,0,0,0,0
2020-06-03 2020-06-10,Rhode Island,0,0,0,0,0,0,0,0
2020-06-03 2020-06-10,South Carolina,0,0,0,0,0,0,0,0
2020-06-03 2020-06-10,South Dakota,0,0,0,0,0,0,0,0
2020-06-03 2020-06-10,Tennessee,0,0,0,0,0,0,0,0
2020-06-03 2020-06-10,Texas,0,0,0,0,33,0,0,0
2020-06-03 2020-06-10,Utah,0,0,0,0,0,0,0,0
2020-06-03 2020-06-10,Vermont,0,0,0,0,0,0,0,0
2020-06-03 2020-06-10,Virginia,43,0,0,0,100,0,0,0
2020-06-03 2020-06-10,Washington,51,0,0,0,0,0,0,0
2020-06-03 2020-06-10,West Virginia,0,0,0,0,0,0,0,0
2020-06-03 2020-06-10,Wisconsin,0,0,0,0,0,0,0,0
2020-06-03 2020-06-10,Wyoming,0,0,0,0,0,0,0,0
2020-06-10 2020-06-13,Alabama,0,0,0,0,0,0,0,0
2020-06-10 2020-06-13,Alaska,0,0,0,0,0,0,0,0
2020-06-10 2020-06-13,Arizona,0,0,0,0,0,0,0,0
2020-06-10 2020-06-13,Arkansas,0,0,0,0,0,0,0,0
2020-06-10 2020-06-13,California,0,0,0,0,0,0,0,0
2020-06-10 2020-06-13,Colorado,0,0,0,0,0,0,0,0
2020-06-10 2020-06-13,Connecticut,0,0,0,0,0,0,0,0
2020-06-10 2020-06-13,Delaware,0,0,0,0,0,0,0,0
2020-06-10 2020-06-13,District of Columbia,0,0,0,0,0,0,0,0
2020-06-10 2020-06-13,Florida,0,0,0,0,0,0,0,0
2020-06-10 2020-06-13,Georgia,0,0,0,0,0,0,0,0
2020-06-10 2020-06-13,Hawaii,0,0,0,0,0,0,0,0
2020-06-10 2020-06-13,Idaho,0,0,0,0,0,0,0,0
2020-06-10 2020-06-13,Illinois,0,0,0,0,0,0,0,0
2020-06-10 2020-06-13,Indiana,0,0,0,0,0,0,0,0
2020-06-10 2020-06-13,Iowa,0,0,0,0,0,0,0,0
2020-06-10 2020-06-13,Kansas,0,0,0,0,0,0,0,0
2020-06-10 2020-06-13,Kentucky,0,0,0,0,0,0,0,0
2020-06-10 2020-06-13,Louisiana,0,0,0,0,0,0,0,0
2020-06-10 2020-06-13,Maine,0,0,0,0,0,0,0,0
2020-06-10 2020-06-13,Maryland,0,0,0,0,0,0,0,0
2020-06-10 2020-06-13,Massachusetts,0,0,0,0,0,0,0,0
2020-06-10 2020-06-13,Michigan,100,0,0,0,0,0,0,0
2020-06-10 2020-06-13,Minnesota,0,0,0,0,0,0,0,0
2020-06-10 2020-06-13,Mississippi,0,0,0,0,0,0,0,0
2020-06-10 2020-06-13,Missouri,0,0,0,0,0,0,0,0
2020-06-10 2020-06-13,Montana,0,0,0,0,0,0,0,0
2020-06-10 2020-06-13,Nebraska,0,0,0,0,0,0,0,0
2020-06-10 2020-06-13,Nevada,0,0,0,0,0,0,0,0
2020-06-10 2020-06-13,New Hampshire,0,0,0,0,0,0,0,0
2020-06-10 2020-06-13,New Jersey,0,0,0,0,0,0,0,0
2020-06-10 2020-06-13,New Mexico,0,0,0,0,0,0,0,0
2020-06-10 2020-06-13,New York,0,0,0,0,100,0,0,0
2020-06-10 2020-06-13,North Carolina,0,0,0,0,0,0,0,0
2020-06-10 2020-06-13,North Dakota,0,0,0,0,0,0,0,0
2020-06-10 2020-06-13,Ohio,0,0,0,0,0,0,0,0
2020-06-10 2020-06-13,Oklahoma,0,0,0,0,0,0,0,0
2020-06-10 2020-06-13,Oregon,0,0,0,0,0,0,0,0
2020-06-10 2020-06-13,Pennsylvania,0,0,0,0,0,0,0,0
2020-06-10 2020-06-13,Rhode Island,0,0,0,0,0,0,0,0
2020-06-10 2020-06-13,South Carolina,0,0,0,0,0,0,0,0
2020-06-10 2020-06-13,South Dakota,0,0,0,0,0,0,0,0
2020-06-10 2020-06-13,Tennessee,0,0,0,0,0,0,0,0
2020-06-10 2020-06-13,Texas,0,0,0,0,0,0,0,0
2020-06-10 2020-06-13,Utah,0,0,0,0,0,0,0,0
2020-06-10 2020-06-13,Vermont,0,0,0,0,0,0,0,0
2020-06-10 2020-06-13,Virginia,0,0,0,0,0,0,0,0
2020-06-10 2020-06-13,Washington,0,0,0,0,0,0,0,0
2020-06-10 2020-06-13,West Virginia,0,0,0,0,0,0,0,0
2020-06-10 2020-06-13,Wisconsin,0,0,0,0,0,0,0,0
2020-06-10 2020-06-13,Wyoming,0,0,0,0,0,0,0,0
